Modulo,Pergunta,Alternativa_A,Alternativa_B,Alternativa_C,Alternativa_D,Resposta_Correta,Explicacao
1,"Como definimos música no contexto de música sacra destinada a louvores e súplicas a Deus?","É a arte de expressar sentimentos por meio de sons coordenados produzidos por voz ou instrumento musical","É tudo o que ouvimos","É a propagação de ondas no ar","É a distinção de sons graves e agudos","A",""
1,"O que é som?","É a arte de combinar melodias","E tudo o que ouvimos","É a disposição ordenada de sons no tempo","São apenas os sons produzidos por instrumentos","B",""
1,"Qual família de instrumentos inclui o violino?","Teclados","Cordas","Madeiras","Metais","B",""
1,"Qual dos seguintes instrumentos pertence à família das madeiras?","Trompete em Dó","Violoncelo","Flauta transversal","Órgão eletrônico","C",""
1,"Qual é um dos elementos mais importantes da música?","Altura","Timbre","Ritmo","Intensidade","C",""
1,"O que é melodia?","A produção simultânea de sons diferentes","A produção ordenada de sons sucessivos","A combinação de sons curtos e longos","O volume do som","B",""
1,"Quando ocorre a harmonia nos hinos?","Quando mais de uma voz soa ao mesmo tempo","Quando há silêncio entre as notas","Quando apenas uma voz é entoada","Quando o ritmo é constante","A",""
1,"Qual propriedade do som permite distinguir um violino de um trompete?","Duração","Altura","Timbre","Intensidade","C",""
1,"O que a propriedade ""duração"" do som representa?","O volume do som","A sustentação do som num determinado espaço de tempo","A frequência das ondas sonoras","A distinção entre instrumentos","B",""
1,"Qual instrumento exemplifica um som grave?","Violoncelo","Cornet","Flauta","Trompete","A",""
1,"Quantas notas musicais existem na escrita?","5","6","7","8","C",""
1,"O que é o pentagrama?","Um sinal que determina a nota de referência","O conjunto de 5 linhas e 4 espaços onde são escritas as notas musicais","Uma linha suplementar para notas agudas","Um grupo de sete notas","B",""
1,"Para que servem as linhas suplementares?","Para indicar o ritmo da música","Para marcar a clave no pentagrama","Para escrever notas mais agudas ou graves que o pentagrama","Para separar os compassos","C",""
1,"Qual clave é utilizada principalmente para sons agudos no hinário?","Clave de Sol","Clave de Dó","Clave de Fá","Nenhuma clave","A",""
1,"Qual é a posição da Clave de Fá no pentagrama, conforme o hinário?","2a linha","3a linha","4a linha","5a linha","C",""
1,"Se a viola faz tenor, por que ela usa a clave de Dó e não a de Fa?","Por determinação do encarregado","Para facilitar a leitura, já que os métodos são na clave de Dó.","Porque a notas não muito graves para usar na clave de sol","Por conta de ser um instrumento de som mediano","B",""
1,"Complete: A ________ é a produção ordenada de sons sucessivos. Exemplo: ________","Ritmo; piano;","Harmonia; trompete;","Melodia; trompete;","Harmonia, flauta.","C",""
1,"Qual das alternativas abaixo é o conceito de som?","O Silêncio também é considerado como um tipo de som","É tudo o que ouvimos","Ruídos","Nenhuma das alternativas","B",""
1,"Qual alternativa abaixo não tem um ritmo constante?","Palma","Pisca-alerta do carro","Metrônomo","Relógio","A",""
1,"Assinale a alternativa correta.","""A buzina do trem produz um som longo"". Logo, nos referimos à Intensidade","Altura é a propriedade do som ser forte ou fraco.","Timbre é a propriedade que permite reconhecer se o som é grave, médio ou agudo","A Duração é a sustentação do som, podendo ser curto ou longo","D",""
1,"Melodia, harmonia e ritmo fazem parte de qual conjunto?","Propriedades do som","Tipos de som","Elementos da música","Propriedades da música","C",""
1,"Assinale a definição de timbre:","É o volume do som","É o que distingue um som do outro","É a propriedade das frequências das ondas sonoras","Todas alternativas estão corretas","B",""
1,"Qual das alternativas abaixo faz parte da propriedade do som ""altura""?","Graves; médios; agudos","Altos; médios, baixos","Pianíssimo; piano; extra-forte","Graves; Fortes; agudos","A",""
1,"O conceito: São utilizadas para notas musicais escritas mais agudas ou mais graves do que o pentagrama refere-se:","Ao Pentagrama","As Linhas Suplementares","As Linhas Complementares","As Linhas Incrementais","B",""
1,"Com a clave de Fá abrangendo as vozes tenor e baixo, é correto afirmar que está sendo usado o elemento da música?","Melodia","Ritmo","Altura","Harmonia","D",""
1,"O violino faz parte da família das","Madeiras","Metais","Cordas","Teclados","C",""
1,"De acordo com a teoria musical do MSA nós temos:","6 Notas Musicais","7 Notas Musicais","5 Notas Musicais","8 Notas Musicais","B",""
1,"Como podemos definir o pentagrama?","É o conjunto de 5 linhas e 4 espaços","É tudo o que precisamos para fazer música","É o sinal que representa os sons graficamente","É tudo o que ouvimos","A",""
1,"O que é clave?","É um símbolo gráfico que determina a duração do som","É um sinal para representar a pauta musical","É um símbolo para dar o colorido musical","É um sinal que determina o nome da nota escrita em sua linha de referência.","D",""
1,"Quais são as claves utilizadas em nossos Hinários e em quais linhas elas se iniciam?","Clave de Sol (2a linha); Clave de Fá (3ª linha) e Clave de Dó (4a linha)","Clave de Sol (2a linha) e Clave de Fá (3ª linha)","Clave de Sol (2a linha); Clave de Fá (4ª linha) e Clave de Dó (3a linha)","Clave de Sol (4ª linha); Clave de Fá (4ª linha) e Clave de Dó (2a linha)","C",""
1,"O que ritmo?","É a vibração de sons regulares","É a combinação de sons curtos, longos e silêncios","a arte dos sons","a combinação de sons curtos, fortes e fracos","B",""
1,"O que são notas musicais?","São sinais que representam a frequência na música","São sinais que representam o som na música","São sinais que representam ruídos dos instrumentos","São sinais que representam a vibração dos sons","B",""
1,"Ao tocar uma nota numa flauta e a mesma nota em um violino, quais das propriedades se distingue?","Duração","Timbre","Altura","Intensidade","B",""
1,"Se dedilhar uma nota no violino com pouco arco e tocar a mesma nota passando o arco todo, qual das propriedades se refere?","Duração","Timbre","Altura","Intensidade","A",""
1,"No hinário são utilizadas apenas as CLAVES de?","Sol, Fá e Dó 2ª linha","Sol, Fá e Dó 4ª linha","Sol, Fá e Dó 1ª linha","Sol, Fá e Dó 3ª linha","D",""
1,"O trombonista, no hinário, toca o trombone na clave de:","Sol (2a linha)","Fá (3ª linha)","Fá (4a linha)","Dó (3ª linha)","C",""
1,"Quantas e quais são as propriedades do som?","São 5: mi, sol, si, ré e fá.","São 4: Duração, intensidade, timbre e altura.","São 4: Melodia, harmonia, timbre e altura.","São 4: Melodia, harmonia, ritmo e contraponto.","B",""
1,"Como são contados as linhas e espaços do pentagrama?","De cima para baixo","De cima para o lado direito","De baixo para o lado esquerdo","De baixo para cima","D",""
1,"As linhas e espaços suplementares são contados a partir da PAUTA, tanto para cima quanto para baixo. Por padrão qual seria o máximo a ser utilizado?","Seis","Sete","Cinco","Quatro","C",""
1,"Qual desses instrumentos o músico toca na CLAVE DE DÓ (3a linha) no hinário?","Viola","Violino","Violoncelo","Flauta","A",""
1,"Ο ΝΟΜE e a ALTURA das figuras musicais no PENTAGRAMA são determinados pela?","Nota","Pausa","Pauta","Clave","D",""
1,"Qual desses instrumentos o músico toca na CLAVE DE FÁ (4a linha) no hinário?","Viola","Violoncello","Violino","Clarinete","B",""
1,"No hinário, cantar ou tocar separadamente, as vozes do soprano, depois contralto, depois tenor ou baixo caracterizam:","Melodia","Ritmo","Harmonia","Altura","A",""
1,"O nome PENTAGRAMA vem do grego:","Penta = linha; grama=cinco","Penta = cinco; grama=kilo","Penta = cinco; grama=linha","Penta = seis; grama linha","B",""
1,"Em nossa orquestra, qual instrumento possui a voz mais grave?","Eufonio","Violoncello","Sax baritono","Tuba","D",""
1,"Qual é o objetivo principal do GEM - Grupo de Estudos Musicais?","Preparar os candidatos ao estudo do MSA e dos Hinos.","Preparar os candidatos com condições mínimas para execução dos métodos do instrumento.","Preparar os candidatos com condições para tocarem somente nos Ensaios e na Reunião de Jovens e Menores.","Preparar os candidatos com condições satisfatórias para execução dos Hinos e do exame de Oficialização.","C",""
1,"Onde pode ser consultada a lista dos Instrumentos Musicais permitidos na Orquestra?","No MOO - Manual de Orientação Orquestral.","No Programa Mínimo de Estudos do Instrumento.","No MSA - Método Simplificado de Aprendizagem Musical.","Na internet, os Instrumentos que compõem uma Orquestra Sinfônica.","A",""
1,"Como funciona a escolha do instrumento musical para o candidato?","O candidato pode escolher e adquirir qualquer instrumento musical que deseja tocar.","O candidato pode escolher e adquirir qualquer instrumento musical, basta apenas comunicar o Ministério Local, o Encarregado Local ou Regional.","O candidato pode escolher e adquirir o seu instrumento musical somente após consultar tanto o MOO - Manual de Orientação Orquestral, quanto o Encarregado Local ou Regional.","O candidato pode escolher e adquirir qualquer instrumento musical desde que esteja no MOO - Manual de Orientação Orquestral. Não é necessário consultar o Encarregado Local ou Regional.","C",""
1,"Como é o Processo de Aprendizado Musical na Congregação Cristã no Brasil?","Basta saber tocar os Hinos, mesmo sem conhecimento mínimo musical.","O candidato pode aprender por conta própria e apenas solicitar o ingresso na Orquestra.","O candidato deve estudar obrigatoriamente em escolas particulares para ingressar na Orquestra.","O candidato para ingressar na Orquestra, deve participar ativamente do GEM - Grupo de Estudos Musicais além de estar alinhado ao processo de aprendizado proposto.","D",""
1,"Como é composta a Orquestra na Congregação Cristã no Brasil?","É formada por músicos e coral para apresentar uma série de canções ou peças musicais.","É composta por 4 famílias de instrumentos: Cordas, Madeiras (que inclui os Saxofones), Metais e Teclas.","É composta por 3 famílias de instrumentos: Cordas, Madeiras (que inclui os Saxofones) e Metais, além do Órgão Eletrônico.","é formada por um conjunto de músicos separados por tipo de instrumento, sendo classificados em Madeiras e suas cordas, Palhetas, Bocais e Percussão.","C",""
1,"De acordo com o cronograma, qual tempo para conclusão dos estudos do MSA no GEM?","1 ano.","2 anos.","4 anos.","6 meses.","B",""
1,"Qual a finalidade da Orquestra na Congregação Cristã no Brasil?","Auxiliar a irmandade no cantar dos hinos.","Auxiliar a Organista para que não toque os Hinos sozinha.","Produzir um efeito sonoro nas igrejas apenas para agradar os presentes.","Destina-se à reunião previamente marcada de músicos para uma apresentação musical.","A",""
1,"À medida que os sons vão subindo em altura, o que acontece com as Notas Musicais?","As notas se repetem na ordem crescente, a cada grupo de sete.","As notas se alternam na ordem crescente, a cada grupo de sete.","As notas se repetem na ordem decrescente, a cada grupo de sete.","As notas podem variar a cada grupo de sete, dependendo da intensidade do som, do mais grave para o mais agudo.","A",""
1,"Qual elemento da música acontece, quando toda orquestra toca e a irmandade canta?","Melodia","Ritmo","Harmonia","Timbre","C",""
1,"Qual resposta esta correta? São instrumentos da família das madeiras","Viola, violoncello, violino","Flauta, órgão, oboé, trompa","Flauta, oboé, corne inglês, fagote","Tuba, saxofone, eufônio, trombone","C",""
1,"Qual resposta esta correta? São instrumentos da família dos metais","Tuba, trombone, eufonio, saxofone","Flauta, órgão, oboé, trompa","Flauta, oboé, corne inglês, fagote","Tuba, trombone, eufônio, trompa","D",""
1,"De qual família pertence o orgão","Madeiras","Metais","Cordas","Teclados","D",""
1,"Por que o órgão não esta incluso como família nos nossos estudos do MSA?","Porque não esta listado do MOO","Porque é um instrumento único na orquestra, teria que ter mais de um para ser família","Esqueceram de colocar ele em uma família","Órgão não faz parte de nenhuma orquestra","B",""
1,"Se toda a família dos metais tocarem o hino 15! O que exatamente acontece?","Timbre","Altura","Harmonia","Melodia","C",""
1,"O que acontece quando o órgão faz a introdução?","Harmonia","Altura","Timbre","Melodia","A",""
1,"Como vimos, altura é umas das principais propriedades do som!","Porque altura é representada na notação musical, e nos faz entender uma música pela sua escrita e som de cada nota tocada","Porque faz som grave, médio e agudo","Porque altura é o som que diferencia os instrumentos","Todas as respostas estão erradas","A",""
2,"O silêncio quando é interrompido pelo bater da mão gera pequenas interrupções desse silêncio formando:","Pequenos espaços de tempo.","Pequenas unidades de compasso.","Pequenas unidades de movimento.","Unidades de som.","A",""
2,"A cabeça de uma figura musical pode ser de que forma?","Nenhuma","Redonda","Quadrada","Elíptica","D",""
2,"A cabeça de uma figura musical pode ser ""pintada"" de qualquer uma das cores:","Branco e preto","Branco e cinza","Cinza e preto","Colorido.","A",""
2,"Os RITMOS e as diferentes DURAÇÕES dos sons podem ser representados por?","Figuras musicais","Pausas","Notas","Tempos","A",""
2,"Quantas figuras de som são usadas nos hinos?","São 5: semibreve, mínima, semínima, colcheia e semicolcheia.","São 4: semibreve, mínima, semínima e colcheia.","São 6: semibreve, mínima, semínima, colcheia, semicolcheia e fusa.","São 7: semibreve, mínima, semínima, colcheia, semicolcheia, fusa e semifusa.","A",""
2,"As partes que compõem a figura são?","Quatro: cabeça, haste e ponto.","Duas: cabeça e colchete","Três: cabeça, barra e bandeirola","Três: cabeça, haste e colchete","D",""
2,"A semibreve é representada pelo número?","4","2","1","3","C",""
2,"Quais as figuras que possuem a cabeça ""pintada"" de branco?","Semibreve e mínima","Fusa e semifusa","Semínima e mínima","Semicolcheia e mínima","A",""
2,"Duas semínimas cabem dentro de uma:","Mínima","Semifusa","Semibreve","Colcheia","A",""
2,"A figura de maior duração utilizada atualmente sendo que as demais figuras são frações dela, chama-se:","Semibreve","Semínima","Semicolcheia","Colcheia","A",""
2,"Assinale a única alternativa verdadeira abaixo.","A repetição do movimento deve ser feita com a mão abaixo da altura do peito","Ao subir a mão no movimento não deve passar da linha dos olhos","A pulsação sempre se inicia na preparação do movimento","A sílaba ""Tá"" pode ser pronunciada ""Táááá""","B",""
2,"Assinale o conceito de pausas musicais:","É a figura que representa o silêncio","São figuras que representam a quantidade de movimentos","São sinais que representam a altura na música","São elementos para representar a melodia da música","A",""
2,"Quais as figuras que possuem a cabeça ""pintada"" de preto?","Semibreve, mínima, semínima, colcheia, fusa e semifusa","Mínima, semínima, colcheia, fusa e semifusa.","Semibreve, semínima, colcheia, fusa e semifusa.","Semínima, colcheia, semicolcheia, fusa e semifusa.","D",""
2,"A figura que tem uma bandeirola chama-se?","Mínima","Semínima","Semicolcheia","Colcheia","D",""
2,"A figura que vale METADE da semibreve e o DOBRO da semínima é a?","Semicolcheia","Mínima","Colcheia","Fusa","B",""
2,"A figura que vale o DOBRO da colcheia e a METADE da mínima é a?","Semibreve","Mínima","Semínima","Colcheia","C",""
2,"Qual a figura que tem somente cabeça?","Semibreve","Mínima","Semínima","Colcheia","A",""
2,"Da esquerda para a direita, as figuras abaixo são representadas por quais números?","1, 4, 64","2, 4, 64","4, 8, 64","2, 6, 64","C",""
2,"O agrupamento de tempos de 4 em 4 indica um compasso?","Ternário","Binário","Quaternário","Quádruplo","C",""
2,"Duas colcheias podem ser agrupadas dentro de uma:","Mínima","Semibreve","Semínima","Semicolcheia","C",""
2,"Complete: é necessário ____ semínimas para se obter uma colcheia.","Nenhuma","4","2","1","A",""
2,"A figura da imagem é a ____ e seu número é.","Semifusa - 32","Fusa - 64","Semifusa - 64","Fusa - 32","C",""
2,"A colcheia é representada pelo número:","4","6","8","1","C",""
2,"A barra que une estas duas colcheias chama-se:","Barra de união","Barra simples","Barra de compasso","Barra dupla","A",""
2,"Existem figuras que representam o som e as pausas?","Não.","Sim","","","B",""
2,"Quantas FIGURAS DE SOM estudamos no hinário?","4","5","6","7","B",""
2,"Qual das altenartivas abaixo é FALSA?","A barra dupla separa os compassos da música","A barra de repetição indica a repetição de um trecho","A barra simples indica o início ou fim de um compasso","A barra final indica o fim da peça musical","A",""
2,"O que é haste?","É um traço vertical colocado para cima e à esquerda da cabeça ou para baixo e à direita da cabeça.","É um traço vertical colocado para cima e à direita da cabeça ou para baixo e à esquerda da cabeça.","É um traço horizontal colocado para cima e à direita da cabeça ou para baixo e à esquerda da cabeça.","É uma figura com forma elíptica","B",""
2,"Como se chamam as figuras que não possuem colchetes?","Colcheia e semibreve","Semibreve e mínima","Mínima e colcheia","","B",""
2,"A figura que terá o valor de um tempo, nos compassos simples, é indicada pelo número","Superior","Inferior","","","B",""
2,"O número superior, nos compassos simples, indica","A figura que representa um tempo","Quantidade de barras de compasso","Quantidade de compassos","Quantidade de tempos","D",""
2,"Podemos encontrar com outra fórmula de compasso no decorrer da música?","Não","Sim","","","B",""
2,"O número inferior da fórmula de compasso pode representado pelos números:","1, 3, 4, 8, 16, 32 e 64","1, 4, 8, 10, 16, 32 e 64","1, 2, 4, 8, 16, 32 e 64","Não sei","C",""
2,"Numa partitura musical há uma indicação de velocidade que varia de 60 a 80 BPM. Qual é a velocidade média?","70","75","60","80","A",""
2,"Os dois números sobrepostos localizados no início do primeiro compasso chamamos:","Fórmula de compasso","Fórmula da música","Fórmula da barra de compasso","Fórmula de repetição do compasso","A",""
2,"Analisando a imagem podemos dizer que a seta indica uma barra:","Final","Simples","Ritornello","Dupla","A",""
2,"O número superior, nos compassos simples, é representado pelos números:","2, 3 ou 4","6, 9 ou 12","3, 4 ou 6","9, 12 ou 16","A",""
2,"Complete: A formula de compasso ____ determina que o compasso terá ____ tempos e a ____ representa a U.T.","4/4; 4; mínima","4/2; 2; semínima","4/4; 4; semínima","2/4; 2; mínima","C",""
2,"Complete: O ____ é a distribuição de sons num espaço de tempo e a ____ é a batida que marca o início e o fim desse espaço de tempo.","Colchete; leitura ritma","Movimento de condução; pulsação","Compasso; leitura métrica","Ritmo; pulsação","D",""
2,"Para determinar a marcação do tempo utiliza-se qual aparelho?","Diapasão","Metrônomo de Maelzel","Diapasão de garfo","Afinador eletrônico","B",""
2,"O agrupamento de tempos de 3 em 3 indica um compasso?","Ternário","Binário","Quaternário","Triplo","A",""
2,"Podemos identificar os COMPASSOS pelas barras de compassos. Eles se localizam no:","Final da música","Trecho final da música","Espaço entre as barras","Não sei","C",""
2,"Como os compassos são representados na escrita musical?","Através de barras de união ou de ligação","Através de barras de compasso ou barras simples","Através da fórmula de compasso ou barras compostas","Através de ligaduras de valor ou de portamento","B",""
2,"O número inferior ""32"" na fórmula de compasso indica:","Fusa","Mínima","Semicolcheia","Semibreve","A",""
2,"Esta fórmula de compasso indica:","2 mínimas por compasso","2 semibreves por compasso","2 semínimas por compasso","2 colcheias por compasso","A",""
2,"O número inferior ""8"" na fórmula de compasso indica:","Semínima","Semibreve","Mínima","Colcheia","D",""
2,"O número inferior ""4"" na fórmula de compasso indica:","Colcheia","Semínima","Mínima","Semibreve","B",""
2,"Analisando a imagem, a barra dupla teve como efeito?","Separar períodos ou trechos da música","Concluir a escrita musical","Repetir determinados trechos da música","Separar os compassos","A",""
2,"Na imagem, o que indicam as SETAS e o TRACEJADO, respectivamente?","As setas indicam os compassos e os tracejados indicam as barras de compasso","As setas indicam as barras de compasso e os tracejados indicam os compassos","As setas indicam as barras de união e os tracejados indicam os compassos.","As setas indicam os compassos e os tracejados indicam as barras de união.","B",""
2,"Esta fórmula de compasso indica?","4 colcheias por compasso","4 mínimas por compasso","4 semibreves por compasso","4 semínimas por compasso","D",""
2,"A U.T. (Unidade de Tempo) é a figura que terá o valor de?","2 tempos","1 tempo","1/2 tempo","4 tempos","B",""
2,"O número inferior ""16"" na fórmula de compasso indica:","Semínima","Mínima","Semibreve","Semicolcheia","D",""
2,"Esta fórmula de compasso indica:","2 semibreves por compasso","2 semínimas por compasso","2 mínimas por compasso","2 colcheias por compasso","D",""
2,"O agrupamento de tempos de 2 em 2 indica um compasso?","Duplo","Quaternário","Binário","Ternário","C",""
2,"O número inferior ""64"" na fórmula de compasso indica:","Semibreve","Semicolcheia","Semifusa","Mínima","C",""
2,"Analisando a imagem, a segunda figura na pauta indica uma barra:","Dupla","De compasso","Simples","Final","A",""
2,"Como chama-se o agrupamento de tempos?","Ritmo","Dinâmica","Compasso","Combinação","C",""
2,"As barras de compasso também podem ser chamadas de barras:","Compostas","Finais","Simples","Duplas","C",""
2,"No compasso binário temos o 1º e 2º tempos que são respectivamente?","Fraco e fraco","Forte e fraco","Fraco e forte","Forte e forte","B",""
2,"Analisando a imagem, responda qual é a FIGURA, quantos TEMPOS vale e a NOTA que representa:","Semibreve, 4 tempos e nota lá","Semibreve, 2 tempos e nota sol","Semibreve, 4 tempos e nota sol","Mínima, 4 tempos e nota sol.","C",""
2,"O número inferior ""2"" na fórmula de compasso indica:","Mínima","Semibreve","Semínima","Colcheia","A",""
2,"Segundo o que estudamos no MSA, para determinar o RITMO e a DURAÇÃO das figuras de sons, utiliza-se como medida:","A melodia","A harmonia","As propriedades do som","O tempo","D",""
2,"A FREQUÊNCIA é a unidade de grandeza da física que indica o número de ____ em um determinado intervalo de tempo.","Unidades de tempo","Intermitência de valores no compasso","Vibrações ou oscilações","Frequências de tempos","C",""
2,"Independente da fórmula de compasso, a PAUSA que pode ser utilizada para completar totalmente o compasso e que deverá estar centralizada no compasso é a:","Pausa de mínima","Pausa de semibreve","Pausa de colcheia","Pausa de semínima","B",""
2,"É indicada no início do PRIMEIRO COMPASSO ou TRECHO por dois números sobrepostos:","Armadura de clave","Fórmula de compasso","Clave numérica","Acentuação métrica","B",""
2,"Os traços finos na horizontal representam os sons:","Fortes","Fracos","Meio-fortes","Fortíssimos","B",""
2,"A sílaba ""Tá"" é chamada de:","Linguagem harmônica.","Linguagem melódica.","Não sei.","Leitura rítmica.","D",""
2,"Complete: A haste colocada para cima precisa ser à ____ da cabeça da nota, e para baixo precisa ser à ____ da cabeça da nota.","Direita; esquerda","Esquerda; direita","Centro; esquerda","Não há uma regra","A",""
2,"É correto afirmar que o nosso hinário possui semicolcheias e fusas?","O nosso hinário possui semibreve até semicolcheia","Sim, é correto","O nosso hinário possui mínima até colcheia","Todas as alternativas estão corretas","A",""
2,"Qual figura abaixo possui a cabeça preenchida (pintada), uma haste e um colchete?","Semínima","Semibreve","Mínima","Colcheia","D",""
2,"Responda: Uma semínima é igual a soma de 4 ____","Semibreves","Colcheias","Semicolcheias","Fusas","C",""
2,"A figura da imagem é a ____ e seu número é ____","Semifusa - 32","Fusa - 64","Fusa - 32","Semifusa - 64","C",""
2,"Qual das alternativas abaixo é falsa?","A barra dupla separa os compassos da música","A barra de repetição indica a repetição de um trecho","A barra simples indica o início ou fim de um compasso","A barra final indica o final da peça musical","A",""
2,"Assinale a única alternativa verdadeira abaixo.","A preparação do movimento deve ser feita com a mão abaixo da altura do peito","Ao subir a mão no movimento não deve passar da linha dos olhos","A pulsação sempre se inicia na preparação do movimento","A sílaba ""Tá"" pode ser pronunciada como ""TÁáÁá""","B",""
2,"O que representa a nota musical na escrita musical?","A figura que representa o som","A figura que representa o silêncio","A divisão de tempos em um compasso","A pulsação regular","A",""
2,"Qual é a função da pausa musical?","Representar o ritmo","Representar o silêncio","Indicar a duração de uma batida","Marcar o início de um compasso","B",""
2,"Quantas mínimas cabem em uma semibreve?","1","2","4","8","B",""
2,"Qual é o número de equivalência da colcheia em relação à semibreve?","2","4","8","16","C",""
2,"Quantas semicolcheias cabem em uma mínima?","2","4","8","16","C",""
2,"Quais figuras musicais não são utilizadas no hinário?","Semínima e colcheia","Mínima e semibreve","Fusas e semifusas","Semicolcheia e mínima","C",""
2,"O que a haste de uma nota musical deve ser em relação à cabeça da nota, quando colocada para cima?","À esquerda","À direita","No centro","Não há regra","B",""
2,"O que é o compasso na música?","A figura que representa o som","O pulso regular de batidas","A divisão de um trecho musical em séries regulares de tempos","A linha que indica o final da música","C",""
2,"Qual é a função da barra simples?","Indicar o final de um compasso e o início do seguinte","Indicar o final da peça musical","Separar seções como estrofe e coro","Marcar a repetição de um trecho","A",""
2,"O que a barra dupla pode indicar no hinário?","O início de um compasso","O final de uma seção da música","A duração de uma nota","A pulsação rítmica","B",""
2,"Qual é o propósito da barra final?","Separar dois compassos","Indicar uma repetição","Indicar o final do hino ou da peça musical","Marcar a pulsação","C",""
2,"Na fórmula de compasso 4/4, quantos tempos há em cada compasso?","2","3","4","8","C",""
2,"Na fórmula de compasso 4/4, qual figura musical representa um tempo?","Mínima","Semínima","Colcheia","Semibreve","B",""
2,"O que é pulsação?","A distribuição de sons no tempo","A batida que marca o início e o fim de um espaço de tempo","A duração de uma nota musical","A divisão de um trecho musical","B",""
2,"Qual é uma forma correta de marcar a pulsação em exercícios rítmicos?","Gritando ""TAAAA"" sem bater","Batendo a mão sobre uma superfície","Movimentando apenas o pulso","Subindo a mão acima da linha dos olhos","B",""
2,"Dentro do ritmo encontramos ____, que é a batida (pulso) que marca o início e o fim desse espaço de tempo?","Marcações de compasso","As propriedades do som","Notas musicais","Pulsação","D",""
3,"O conceito ""é a forma de visualizar as 3 claves utilizando um sistema de 11 linhas"" refere-se:","Ao endecagrama","Ao pentagrama","A clave","A pauta","A",""
3,"No compasso quaternário temos o 1º, 2º, 3º e 4º tempos que são respectivamente:","Forte, fraco, meio-forte e fraco","Meio-forte, forte, fraco e fraco","Fraco, forte, fraco e meio-forte","Fraco, forte, meio-forte e fraco","A",""
3,"Para determinar a ALTURA dos sons e sua FREQUÊNCIA pode-se utilizar o .","Anemômetro","Diapasão","Metrônomo","Decibelímetro","B",""
3,"Consiste em falar ou cantar o nome das notas musicais, marcando o ritmo com a mão, obedecendo seus valores (e altura). Trata-se do(a).","Gesto arredondado","Ditado harmônico","Linguagem rítmica","Solfejo","D",""
3,"Quando dizemos que uma pessoa está solfejando uma partitura, ela está?","Em silêncio","Cantando as notas","Falando as notas, sem cantar","Falando as notas, no pensamento","B",""
3,"Quando dizemos que uma pessoa está fazendo leitura rítmica em uma partitura, ela está?","Falando a sílaba ""Tá"", no ritmo das figuras","Em silêncio","Cantando as notas","Solfejando","A",""
3,"Quando dizemos que uma pessoa está fazendo leitura métrica, ela está?","Falando a sílaba ""Tá"", no ritmo das figuras","Em silêncio","Cantando as notas","Falando as notas, sem cantar","D",""
3,"Quando for realizar exercícios de leitura métrica com notas musicais, o candidato:","Só pode falar o nome das notas; não de solfejar.","Pode escolher falar o nome das notas ou solfejar as notas, cantando na altura.","Deve sempre cantar as notas na altura.","Deve ficar em silêncio.","A",""
3,"O metrônomo produz batidas de duração:","Irregular","Regular","Continua","Ilimitada","B",""
3,"No compasso ternário temos o 1º, 2º e 3º tempos que são respectivamente:","Fraco, fraco e forte","Forte, fraco e fraco","Forte, fraco e forte","Fraco, forte e fraco","B",""
3,"A marcação dos compassos serve para:","As unidades de compasso","Os compassos","Os agrupamentos dos tempos.","Definir a estrutura rítmica, organizando a música em unidades regulares de tempo.","D",""
3,"O endecagrama é formado pelo conjunto de:","11 linhas e 11 espaços","11 linhas e 10 espaços","10 linhas e 11 espaços","10 linhas e 10 espaços","B",""
3,"Se estamos ""cantando as notas musicais na altura, dentro de um padrão rítmico"", então estamos fazendo:","A leitura rítmica","A leitura métrica","Nenhuma das alternativas","O solfejo","D",""
3,"Complete a frase: A ____ define a quantidade de tempos dentro de um compasso, bem como a figura musical que representa cada tempo, ____","Figura musical; formula de compasso; pulso","Formula de compasso; pulso; movimento","Formula de compasso; movimento; figura musical","Figura musical; pulso; movimento","B",""
3,"Considerando um compasso quartenário simples (4/4) a semínima valerá?","1 tempo","1/2 tempo","2 tempo","1/4 tempo","A",""
3,"O metrônomo pode ser mecânico ou digital e está diretamente relacionado à qual elemento da música?","Harmonia","Melodia","Sinfonia","Ritmo","D",""
3,"O equipamento que faz cliques sonoros repetidos a uma velocidade ajustável é o:","Diapasão","Metrônomo","Cronômetro","Nenhumas das alternativas","B",""
3,"O movimento de solfejo executado com a mão direita pode ser executado por:","Destros somente","Canhotos somente","O solfejo não deve ser executado na mão direita","Ambos","D",""
3,"Complete: a quantidade de tempos ou pulso é representada pelo número ____ e a figura musical que equivale a um tempo ou pulso é representada pelo número ____","Superior; inferior","Inferior; superior","Dois (2); quatro (4)","Inferior; inferior","A",""
3,"O termo ENDECAGRAMA quer dizer:","ENDECA = doze; GRAMA=linha","ENDECA = nove; GRAMA=linha","ENDECA = dez; GRAMA=linha","ENDECA = onze; GRAMA=linha","D",""
3,"Sobre ""movimento de pulsação no pé para marcação de tempos"" é possível afirmar que:","Não são permitidos, pois atrapalham outros músicos","São permitidos desde que sejam leves","Pode-se fazer estes movimentos expansivos sem precaução","Não deve ser feito, uma vez que não ajudam marcar a pulsação","B",""
3,"A imagem abaixo apresenta um endecagrama onde o dó central é comum às","Duas claves: de sol e de dó.","Duas claves: de sol e de fá.","Duas claves: de fá e de dó.","Duas claves: de dó e de sol.","B",""
3,"O que a clave determina em uma partitura?","Apenas o ritmo das notas","O nome e a altura do som da nota","Apenas a duração do som","A velocidade da música","B",""
3,"Levando em consideração a formula de compasso 2/4, podemos considerá-la um compasso:","Composto","Ternário","Binário","Quartenário","C",""
3,"Complete: ""a ____ é delimitação espacial do movimento e ____ movimento devem ser realizados dentro desse espaço:","Janela de movimento; alguns","Espaço de solfejo; todos","Espaço de leitura; alguns","Janela de movimento; todos","D",""
3,"Considerando um compasso binário simples (2/2) a semínima terá valor de:","1/2 tempo","1 tempo","2 tempos","1/4 tempos","A",""
3,"A imagem apresenta um sistema de dois pentagramas que podemos classificar como:","Endecagrama","Pauta","Pentagrama","Duodecagrama","A",""
3,"Se estamos ""cantando as notas musicais na altura, dentro de um padrão rítmico"", então estamos fazendo:","A leitura rítmica","A leitura métrica","O solfejo","Nenhuma das alternativas","C",""
3,"O movimento de solfejo com a mão esquerda pode ser executado por:","Canhotos somente","Destros","Ambos","Não se deve executar o solfejo com a mão esquerda","A",""
3,"Por que uma nota Dó3 pode ser escrita de maneiras diferentes em claves distintas?","Porque as claves têm diferentes regiões de altura (aguda, média, grave)","Porque o ritmo muda em cada clave","Porque a duração da nota varia","Porque o metrônomo define a posição","A",""
3,"Na fase atual do método, qual tipo de leitura é utilizada?","leitura métrica","solfejo","leitura métrica e solfejo","leitura rítmica","D",""
3,"O que o candidato pode escolher fazer durante exercícios de leitura métrica?","Apenas falar ""TA""","Falar o nome das notas ou solfejar cantando na altura","Ficar em silêncio","Tocar um instrumento","B",""
3,"Qual é a função dos movimentos de condução?","Ajustar a velocidade do metrônomo","Indicar a altura das notas","Representar visualmente a pulsação da fórmula de compasso","Substituir o uso do metrônomo","C",""
3,"O que é a ""janela de movimento"" nos movimentos de condução?","O som produzido pelo metrônomo","A delimitação espacial do movimento, nem muito pequeno nem expansivo","A altura máxima da mão","O ritmo das batidas no pé","B",""
3,"No movimento de solfejo em 4, onde começa o primeiro movimento?","Embaixo, no ponto 1","À esquerda, no ponto 2","À direita, no ponto 3","Em cima, no ponto 4","A",""
3,"O que significa a marcação"" J=60-80"" nos hinos?","A velocidade exata do hino","A duração de cada compasso","O número de batidas por compasso","Os limites dentro dos quais o hino deve ser entoado","D",""
3,"No compasso binário temos o 1º, 2º tempos que são respectivamente:","Forte, fraco","Forte, meio-forte,","Fraco, meio-forte","Fraco, forte,","A",""
3,"Por que o Dó3 é chamado de Dó Central?","Porque esta nota situa-se na região média e pode ser escrita de três maneiras diferentes dependendo da clave, soando exatamente igual.","Porque esta nota identifica-se como a primeira nota conhecida na clave de Sol e à cada oitava ascendente, aparece nas demais claves de Dó e de Fá.","Porque esta nota aparece exatamente no meio das teclas do piano e se repete à cada oitava ascendente para a clave de Fá e descendente para a Clave de Dó.","O Dó central (Dó3) é a primeira linha suplementar inferior, da Clave de Sol, e também é a primeira linha suplementar superior da Clave de Fá.","D",""
3,"Quantas linhas suplementares inferiores na última nota do pentagrama são usadas na clave de sol no exemplo do hino 33?","4 linhas","3 linhas","2 linhas","1 Linha","C",""
3,"Para que usamos o sistema Endecagrama?","Para observar o efeito sonoro entre sons diferentes em claves diferentes.","Para não ser preciso separar os sons graves, médios e agudos em claves diferentes.","Para visualizar as três claves simultaneamente utilizando um sistema de 11 linhas, posicionando as notas para melhor identificação dos sons iguais entre elas.","","C",""
3,"Para iniciar o primeiro movimento, devemos imaginar a imagem de uma ...... em nossa frente, que também podemos chamar de ......:","Mesa - mesa invisível.","Linha - linha de condução.","Mão - caminho de condução.","Janela - janela de movimento.","D",""
3,"Na representação do movimento em 4:","Devemos mexer o pulso","Devemos mexer o cotovelo.","Devemos enrijecer a mão e o braço.","os movimentos devem ser feitos de maneira natural, leves e sem muito esforço.","D",""
3,"O metrônomo é um equipamento que faz .. ...... repetidos, a uma velocidade ......","Cliques sonoros - constante","Clique sonoros - regulares","Cliques sonoros - ajustável","Cliques sonoros - irregulares","C",""
3,"O metrônomo serve para manter a ...... enquanto ...... ou quando ...... nosso instrumento.","Velocidade - lemos - sopramos.","Pulsação musical - solfejamos - tocamos.","Métrica musical - tocamos o ritmo afinamos.","Pulsação musical dividimos os tempos - tocamos.","B",""
3,"Existem metrônomos:","Analógicos - digitais e manuais.","Mecânicos - digitais e de aplicativos.","Mecânicos - manuais e de aplicativos.","Mecânicos - analógicos e de aplicativos.","B",""
3,"A utilização do metrônomo é extremamente importante para ......","Solfejo","Estudar os hinos","Estudar leitura rítmica","Todos acima","D",""
3,"Na fórmula de compasso em 4 o número de cima indica:","A uma figura musical.","A figura que equivale a 4 tempos no compasso.","A quantidade de tempos dentro de 1 compasso.","A figura que equivale a um tempo no compasso.","C",""
4,"Quantas colcheia precisamos para completar o compasso 3/2?","8","6","4","12","D",""
4,"Analisando a imagem ao lado temos uma ocorrência de:","Ligadura","Síncope","Contratempo","Sinais de alteração","A",""
4,"A ligadura de valor possui o seguinte efeito:","Ligar duas notas de alturas diferentes","Ligar diversas notas ou compassos","Ligar notas de mesma altura.","Ligar notas de alturas diversificadas.","C",""
4,"Qual é a função da Ligadura de Valor?","Somar os valores de notas da mesma altura","Conectar notas de alturas diferentes","Indicar um salto melódico","Aumentar metade da duração de uma nota","A",""
4,"O hino 228 é o único hino do hinário com aparição do ponto duplo. Qual ponto tem maior duração entre o primeiro e o segundo ponto?","O segundo ponto tem duração maior que primeiro","Ambos os pontos tem a mesma duração","Cada ponto vale meio tempo","O primeiro ponto tem duração maior que o segundo","D",""
4,"É correto afirmar que o ponto de aumento","Aumenta 1/2 tempo","Aumenta 2 tempos","Aumenta 1 tempo","Aumenta metade da duração da figura musical","D",""
4,"Complete: O intervalo é a ________ entre dois sons.","Distancia","Passagem","Proximidade","Contagem de tempo","A",""
4,"O intervalo ________ se verifica quando as notas soam ________ e o ________ quando soam simultaneamente.","Melódico, simultaneamente, harmônico","Harmônico, sucessivamente, melódico","Melódico, sucessivamente, harmônico","Melódico, simultaneamente, harmônico","C",""
4,"Os saltos de 5ª, 8ª e 10ª se referem aos intervalos, respectivamente:","Simples, composto, composto","Todos os saltos são simples","Simples, simples e compostos","Compostos, simples e simples","C",""
4,"O que significa a fórmula de compasso 3/2?","Determina que o compasso terá 2 tempos e a semínima representa cada tempo","Determina que o compasso terá 3 tempos e a mínima representa cada tempo","Determina que o compasso terá 3 tempos e a semínima representa cada tempo","Determina que o compasso terá 2 tempos e a mínima representa cada tempo","B",""
4,"Analisando a figura ao lado, qual imagem corresponde a figura apresentada?","(A)","(B)","(C)","","C",""
4,"Analisando a figura ao lado, qual imagem corresponde a figura apresentada?","(A)","(B)","(C)","","A",""
4,"Analisando a imagem ao lado podemos escrever estas figuras de que outra maneira?","(A)","(B)","(C)","(D)","C",""
4,"A linha curva que é colocada acima ou abaixo das notas e que serve para unir os sons, chama-se:","Ligadura","Tercina","Contratempo","Dinâmica","A",""
4,"Analisando a imagem ao lado podemos escrever estas figuras de que outra maneira?","(A)","(B)","(C)","(D)","B",""
4,"As pausas também podem ser pontuadas?","Não","Sim","Apenas em pausas longas","","B",""
4,"No hinário de cordas podem aparecer ligaduras cheia e ________","Pontilhadas.","Alongadas.","Espaçadas.","Retilíneas.","A",""
4,"A ligadura indicada na imagem chama-se:","Ligadura de valor","Ligadura de lapso","Ligadura de portamento","Ligadura de fraseado","C",""
4,"Qual o efeito do 2º ponto de aumento?","Aumenta 1/4 do valor do primeiro ponto.","Aumenta metade do valor do primeiro ponto.","Aumenta 1/16 do valor do primeiro ponto.","Aumenta 1/8 do valor do primeiro ponto.","B",""
4,"No hinário existem hinos com 3 pontos de aumento?","Não, somente há um hino com 2 pontos de aumento.","Sim, vários.","Apenas 1","","A",""
4,"Até quantos pontos de aumento, estudamos no MSA?","2","4","1","3","A",""
4,"Segundo o MSA, quantos tipos de ligaduras existem?","2 tipos","3 tipos","1 tipo","4 tipos","A",""
4,"A ligadura de portamento possui o seguinte efeito:","Ligar notas de mesma altura.","Ligar notas de alturas diversificadas.","Ligar diversas notas ou compassos e identifica semifrases ou frases.","Ligar duas notas de alturas diferentes.","D",""
4,"A ligadura indicada na imagem chama-se:","Ligadura melódica","Ligadura de portamento","Ligadura de fraseado","Ligadura de valor","D",""
4,"O intervalo apresentado na imagem?","Melódico simples de segunda","Melódico simples de terça","Melódico simples de quinta","Melódico simples de quarta","D",""
4,"Qual é o intervalo apresentado na imagem?","Melódico simples de sexta","Melódico simples de quinta","Melódico simples de terça","Melódico simples de quarta","A",""
4,"Qual é o intervalo apresentado na imagem?","Melódico simples de terça","Melódico simples de quarta","Melódico simples de sétima","Melódico simples de sexta","A",""
4,"Qual é o intervalo existente na imagem?","Melódico simples de terça","Melódico simples de quarta","Melódico simples de segunda","Melódico simples de quinta","D",""
4,"Qual é o intervalo apresentado na imagem?","Melódico simples de sexta","Melódico simples de segunda","Melódico simples de terça","Melódico simples de quarta","B",""
4,"O que é colocado ao lado direito da cabeça da figura, que aumenta metade do seu valor?","Ponto de redução","Ponto de aumento","Ponto de diminuição","","B",""
4,"A imagem apresenta um ponto:","Duplo","Binário","Triplo","Simples","A",""
4,"A imagem apresenta um ponto:","Duplo","Binário","Triplo","Simples","D",""
4,"O intervalo apresentado na imagem é simples ou composto?","Simples","Composto","","","A",""
4,"O que é intervalo?","É a distância entre 2 sons","É a proximidade entre 2 sons","É a distância entre duas notas","É a distância entre 2 figuras de silêncio","A",""
4,"Segundo o MSA, os saltos acima da 8ª são chamados:","Intervalo duplo","Intervalo simples","Intervalo composto","Intervalo contínuo","C",""
4,"O intervalo pode ser:","Movente ou semovente.","Simples ou compostos.","Dependente ou independente.","Melodioso e harmonioso.","B",""
4,"Se ao analisar uma partitura você perceber que a divisão do tempo é em 3 partes, logo você classificará isso como:","Divisão ternária","Fração ternária","Unidade ternária","Subdivisão ternária","A",""
4,"Analisando a imagem como se classificam-se os intervalos?","1 melódico ascendente, 2 melódico descendente","1 enarmônico, 2 melódico descendente","Harmônico","Aumentado","A",""
4,"Se ao analisar uma partitura você perceber que a divisão do tempo é em 2 partes, logo você classificará isso como:","Unidade binária","Fração binária","Divisão binária","Subdivisão binária","C",""
4,"À execução ligada de notas tocadas com o valor exato sem que haja silêncio entre elas e que contém ligaduras de valor ou de portamento chama-se:","Stacatto","Portato","Tenuto","Legato","D",""
4,"No MSA, o movimento de condição em 3 para destro, a ordem correta é:","1º tempo embaixo (centro), 2º tempo na esquerda (fora do corpo) e o 3º tempo acima (centro)","1º tempo embaixo (centro), 2º tempo na direita (fora do corpo) e o 3º tempo esquerda (fora do corpo)","1º tempo embaixo (centro), 2º tempo direita (fora do corpo), 3º tempo cima (centro)","1º tempo em cima (centro), 2º tempo na esquerda (fora do corpo) e 3º tempo embaixo","C",""
4,"Qual será o valor da semínima pontuada no compasso 3/2?","3/4 de tempo","1 tempo e 1/2","1 tempo 1/4","2 tempos e 1/2","A",""
4,"Considerando o movimento de solfejo binário (2 tempos). O movimento de preparação deve ser iniciado:","Na altura do peito e descer","Na altura do peito e subir","Começando debaixo para cima","Não precisa ser feito o movimento de preparação","A",""
4,"Qual alternativa se refere ao conceito de ligadura?","Linha curva que se coloca acima de uma nota e prolonga o silêncio","Liga notas da mesma duração","Linha curva que se coloca acima/abaixo de duas ou mais notas, estendendo o som","O som ou silêncio deve ser sustentado por tempo indeterminado","C",""
4,"Complete: A ________ é a que liga notas de ________","Ligadura de Portamento e mesma altura","Ligadura de Valor e mesma altura","Ligadura de Valor e alturas diferentes","Ligadura de Portamento e alturas indiferentes","B",""
4,"Para fazer o movimento de condução é necessário lembrar sobre","Janela de movimento","Mesa invisível","Movimentar apenas o braço","Todas as afirmações são corretas","D",""
4,"Sobre o ponto duplo, o primeiro ponto aumenta metade do valor da figura e o 2º ponto?","Aumenta metade do 1º ponto","Aumenta o dobro do 1º ponto","Aumenta meio tempo da nota","Nenhuma das alternativas estão corretas","A",""
4,"Qual será o valor da semínima no compasso 3/2?","3/4 de tempo","1/2 tempo","1 tempo 1/4","2 tempos e 1/2","B",""
4,"A fórmula 2/4 indica","Que o compasso terá 2 tempos e a mínima representa cada tempo","Que o compasso terá 4 tempos e a semínima representa cada tempo","Que o compasso terá 4 tempos e a mínima representa cada tempo","Que o compasso terá 2 tempos e a semínima representa cada tempo","D",""
4,"O que caracteriza a Ligadura de Portamento?","Conecta notas de alturas diferentes sem interrupção","Liga notas de mesma duração","Aumenta a duração das notas","É usada apenas em pausas","A",""
4,"O que é um intervalo melódico?","Se verifica quando as notas tocadas ao mesmo tempo","Se verifica quando as notas que soam sucessivamente","Se verifica quando a pausa entre duas notas","Se verifica quando a um movimento de condução","B",""
4,"Como são classificados os intervalos simples?","Quando contêm mais de oito notas","Quando contêm de duas a oito notas sucessivas","Quando são sempre harmônicos","Quando não possuem saltos","B",""
4,"O que indica o número inferior na fórmula de compasso em 3?","O número de notas no compasso","A velocidade do solfejo","A quantidade de intervalos","A figura musical que representa cada tempo","D",""
4,"Na fórmula de compasso 3/4, qual figura representa cada tempo dentro do compasso?","Mínima","Semínima","Colcheia","Semibreve","B",""
4,"Qual será o valor da colcheia no compasso 3/2?","3/4 de tempo","1 tempo","1/4 de tempo","2 tempos","C",""
4,"Qual é a recomendação para o movimento de solfejo?","Movimentar apenas o pulso","Movimentar apenas o braço","Fazer movimentos expansivos","Usar as duas mãos simultaneamente","B",""
4,"Qual clave o candidato deve usar nos exercícios de solfejo, se ainda não escolheu um instrumento?","Clave de Sol","Clave de Dó","Clave de Fá","Qualquer clave","A",""
4,"Na fórmula de compasso 2/2, quantos tempos o compasso possui e qual figura representa cada tempo?","2 tempos, semínima","2 tempos, mínima","3 tempos, semínima","2 tempos, colcheia","B",""
4,"No movimento de solfejo em 2, onde termina o primeiro movimento?","No ponto 1, embaixo","No ponto 2, em cima","No ponto 2, embaixo","No ponto 1, em cima","B",""
4,"O que significam as marcações de velocidade como ""J=60-92""?","A velocidade exata do exercício e do hino","Os limites mínimo e máximo para o solfejo e andamento no hinário","A duração total do compasso","O número de batidas por segundo","B",""
4,"De acordo a poesia, o hino 106 deve ser chamado em qual ocasião do culto?","Hino do Silêncio","Primeiro hino do culto","Antes da oração","Hino depois da Palavra","C",""
4,"Considerando que a Palavra no Santo Culto teve como leitura ""O Cântico de Moisés"" (Êxodo 15), qual hino, em sua poesia, NÃO é apropriado para ser chamado após a Palavra?","289 - A Vitória Cristo nos dará","294 - Avante! Coragem! Marchemos","298 - Avante sempre, sem temer!","194 - Vós chorareis e vos lamentareis","D",""
4,"De acordo a poesia, qual destes hinos NÃO é apropriado para se chamar no primeiro hino do culto?","152 Venho à casa do Senhor","84 - Quão amável é a Tua casa.","122 - Alegrei-me quando me disseram...","4 - Ouve a nossa oração","D",""
4,"Quais os tipos de Ligaduras que temos no Hinário?","Ligadura de Valores, apenas.","Ligadura de Portamento, apenas.","Ligadura de Valor e de Portamento.","","C",""
4,"Quais os tipos de Ligaduras que encontramos no Hino 175 ""O Senhor Jesus te chama""?","Ligadura de Valor.","Ligadura de Portamento.","Ligaduras de Valor e de Portamento.","","B",""
4,"Quais Ligaduras encontramos no Hino 171 - ""Vida eterna! Vida eterna!""?","Todas as Ligaduras são de Valor.","Todas as Ligaduras são de Portamento.","Ligaduras de Valor e de Portamento.","","C",""
4,"Quantas Ligaduras de Valor e de Portamento na clave SOL e FÁ, encontramos no Hino 171 – ""Vida eterna! Vida eterna!""?","Duas Ligaduras de Valor e três de Portamento","Três Ligaduras de Valor e duas de Portamento","Três Ligaduras de Valor e três de Portamento.","","C",""
4,"Complete a frase: ""O Intervalo Melódico é quando as notas são ouvidas .......... "".","Simultaneamente.","Sucessivamente.","Simultânea e sucessivamente.","","B",""
4,"Complete a frase: ""O Intervalo Harmônico é quando as notas são ouvidas .......... ""","Simultaneamente.","Sucessivamente.","Aleatoriamente.","","A",""
4,"Os Intervalos Compostos contêm?","De 4 a 8 notas.","Acima de 8 notas dentro do intervalo.","Acima de 7 notas pois a oitava é a repetição da primeira.","","B",""
4,"Em nosso hinário temos apenas as seguintes Fórmulas de Compasso em 3:","(a) 3/2","(b) 3/2, 3/4","(c) 3/2, 3/4, 3/8","","B",""
4,"Quantos tempos ou movimentos valem as mínimas no Hino 333?","Dois.","Três.","Quatro.","","A",""
4,"No nosso hinário temos apenas as seguintes Fórmulas de Compasso em 2:","(a) 2/2","(b) 2/2 e 2/4","(c) 2/2, 2/4 e 2/8","","B",""
4,"A Fórmula de Compasso em 2 é aquela em que?","O número superior é o 2, e indica a figura que vale um tempo ou movimento.","O número inferior é o 2, e o número superior indica a figura musical que representa cada tempo ou movimento.","O número superior é o 2, e o número inferior indica a figura musical que representa cada tempo ou movimento.","","C",""
4,"Quanto vale a mínima pontuada no trecho abaixo do Hino 419 - ""Fazei isto em memória de Mim""?","3 tempos.","2 tempos.","1 tempo e meio.","","C",""
4,"O que é Ponto de Aumento na notação musical?","É um ponto que, colocado acima da cabeça da figura musical, aumenta metade da sua duração.","É um ponto que, colocado à direita da cabeça da figura musical, aumenta metade da sua duração.","É um ponto que, colocado à esquerda da cabeça da figura musical, aumenta metade da sua duração.","","B",""
4,"O Ponto de aumento pode ser usado tanto em notas musicais quanto em pausas?","Sim, pode ser usado tanto em notas musicais como em pausas.","Não; as pausas não precisam de Ponto de aumento, pois não têm som.","Não; o Ponto de aumento pode ser usado apenas nas pausas pois não têm som e precisam controlar a duração do silêncio.","","A",""
4,"Quais os tipos de intervalos (saltos) que temos na música?","Harmônico e Metódico.","Melódico e Composto.","Melódico e Harmônico.","","C",""
4,"A Fórmula do Compasso 3/4 determina que o compasso terá:","3 tempos, com quatro semínimas no compasso.","4 tempos, e que a semínima representará cada movimento.","3 tempos, e que a semínima representará cada tempo do compasso.","","C",""
4,"Entre as pausas podem haver a ligadura, responda?","Sim! Da mesma forma que usamos em figuras de som","Não! Na pausa o prolongamento ocorre naturalmente","Podemos desde que não passe de um compasso para o outro","","B",""
4,"Qual será o valor da colcheia no compasso 2/2?","3/4 de tempo","1 tempo","1/4 de tempo","2 tempos","C",""
4,"Qual será o valor da semínima no compasso 2/2?","3/4 de tempo","1/2 tempo","2 tempos e 1/2","1 tempo 1/4","B",""
4,"O valor da semínima pontuada no compasso 2/2, será?","3/4 de tempo","2 tempos e 1/2","1 tempo 1/4","1 tempo e 1/2","A",""
4,"Qual será o valor da semicolcheia no compasso 3/4?","3/4 de tempo","1 tempo","1/4 de tempo","2 tempos","C",""
4,"Qual será o valor da colcheia no compasso 3/4?","2 tempos e 1/2","1/2 tempo","1 tempo 1/4","3/4 de tempo","B",""
4,"Qual será o valor da mínima no compasso 3/4?","2 tempos e 1/2","2 tempos","1 tempo 1/4","3/4 de tempo","B",""
4,"Qual será o valor da mínima no compasso 4/4?","2 tempos e 1/2","3 tempos","1 tempo 1/4","2 tempos","D",""
4,"O valor da mínima pontuada no compasso 4/4, será?","3 tempos","3 tempos e meio","2 tempo 1/4","2 tempos e meio","A",""
4,"Qual é o intervalo apresentado na imagem?","Melódico composto de oitava","Melódico composto de nona","Melódico composto de sétima","Melódico composto de décima","B",""
4,"Qual é o intervalo apresentado na imagem?","Melódico composto de quinta","Melódico composto de terça","Harmônico composto","Harmônico simples","D",""
4,"Qual é o intervalo apresentado na imagem?","Harmônico simples","Melódico composto","Harmônico composto","Harmônico melódico simples","C",""
4,"Qual e a sequencia certa?","intervalo simples de 2ª 3ª 4ª 5ª 6ª 7ª 8ª","intervalo simples de 9ª 10ª 11ª 12ª 13ª 14ª 15ª","intervalo composto de 9ª 10ª 11ª 12ª 13ª 14ª 15ª","","C",""
4,"O que indica o número superior na fórmula de compasso em 3?","Quantidade de figuras ou movimentos em cada compasso","Quantidade de tempos ou movimentos em cada compasso","A quantidade de intervalos","A figura musical que representa cada tempo","B",""
4,"Qual é a media indicada para o hino abaixo 184 Nós Te louvamos, por fé, grande Deus Peter Ritter","68 bpm","70 bpm","72 bpm","65 bpm","A",""
5,"Qual o nome do sinal que aparece na imagem?","Fermata","Ligadura","Semibreve","Ponto de aumento","A",""
5,"Onde podemos encontrar o sinal de fermata?","Em notas, pausas ou tempos fortes.","Em notas, pausas ou fórmula de compasso.","Em notas, pausas ou barra final.","Em notas e pausas","D",""
5,"As TERCINAS podem ser agrupadas através de uma ____ com o número de figuras que a compõe:","Haste","Conector","Ligadura","Chave","D",""
5,"Analisando a figura o número superior indica a ____ quanto o número inferior indica a ____ que é a **","Quantidade de movimentos; figura de movimento; colcheia.","Figura de movimento; quantidade de tempos; semínima.","Figura de momento; quantidade de tempos; mínima.","Quantidade de tempos; figura de movimento; semínima.","A",""
5,"O que são tercinas? Exemplo: 6 = 8","São grupos de 3 figuras colocadas no lugar em que normalmente cabem 2 figuras do mesmo valor","São grupos de 4 figuras colocadas no lugar em que normalmente cabem 3 figuras do mesmo valor","São grupos de 2 figuras colocadas no lugar em que normalmente cabem 3 figuras do mesmo valor","São indicadas pelo número acima ou abaixo do grupo de figuras","A",""
5,"Complete: ____ é um símbolo colocado acima ou abaixo de uma nota indicando o prolongamento do seu valor","Ponto de aumento","Ponto duplo","Nenhuma das alternativas","Fermata","D",""
5,"Como devem ser a execução de uma tercina (ver imagem) 3","A primeira nota deve ser mais destacada que as outras duas","As 3 notas devem ser executadas igualmente dentro do tempo","As últimas notas devem ser mais longas que as 2 primeiras","A nota que está no meio deve ser mais destacada que as outras","B",""
5,"O que significa fórmula de compasso 6/8","Determina o que o compasso terá 3 tempos e a cocheira representa cada pulso ou movimento","Determina que o compasso terá 6 pulsos e a colcheia representa cada pulso ou movimento","Determina que compasso terá 2 pulsos e a mínima representa cada pulso ou movimento","Determina que o compasso terá 3 pulsos e semínima representa cada pulso ou movimento","B",""
5,"Complete a frase: ""A ____ em 6 é aquela em que o número superior tem o número 6 e o número inferior indica a ____ que representa a cada pulso""","Quantidade de compasso; quantidade de tempos","Figura musical; fórmula de compasso","Nenhuma das alternativas","Fórmula de compasso; figura musical","D",""
5,"Sobre o movimento de solfejo em 6","O movimento entre o ponto 2 e 3 deve ser mais amplo","O movimento entre os pontos 3 e 4 deve ser mais amplo","O ponto 6 é localizado do lado esquerdo","O ponto 5 é localizado no centro","B",""
5,"Como a fermata deve ser executada?","Diminuindo gradativamente a intensidade do som, até o silêncio seguindo uma breve interrupção antes de retomar a música","Diminuindo rapidamente a intensidade do som, e já retomar a música","Não precisa diminuir, apenas respire e retome a música","Retomar gradativamente a intensidade do som, não havendo a necessidade de respirar","A",""
5,"Por qual motivo o MSA apresenta o movimento alternativo para solfejo em 6?","Para facilitar a leitura métrica em andamento mais lento","Não tem motivo, apenas para dar uma opção a mais","Para facilitar o solfejo em andamento mais rápido","Para dificultar a leitura rítmica nos andamentos apresentados","C",""
5,"Imagine que no compasso 3/4 há estas figuras semínima, tercina com 3 colcheia, colcheia pontuada e semicolcheia. este compasso está:","Completo, depois a soma dos valores resulta em 3 tempos","Completo, pois é a soma dos valores resulta em 4 tempos","Ultrapassado, depois há um tempo a mais do que o compasso comporta","Ultrapassado, pois a meio tempo a mais do que o compasso comporta","A",""
5,"Quantas semínimas cabem em um compasso da fórmula 6/4?","5","4","3","6","D",""
5,"Quantas colcheias cabem em um compasso da fórmula 6/4","11","12","14","13","B",""
5,"Quantas semínimas cabem em um TEMPO no compasso da fórmula 6/4?","4","6","3","2","C",""
5,"Quantas colcheias cabem em um TEMPO no compasso da fórmula 6/8?","4","03","9","6","B",""
5,"Nos ensaios ou em situações que haja regência o músico deve:","Seguir os sinais da regência do encarregado","Olhar para o hinário e fazer a própria expressão","Toca a pena o que está no hinário","Nenhuma das alternativas","A",""
5,"Complete: ""** é um símbolo colocado acima ou abaixo de uma nota indicando o prolongamento do seu valor""","Fermata","Ponto de aumento","Ponto duplo","Nenhuma das alternativas","A",""
5,"""A fermata prolonga metade do valor da nota."" Esta afirmação é:","Falsa, pois no MTS afirma correto","Verdadeira, pois a execução deve prolongar metade da nota","Verdadeira, pois no MSA está descrito desta maneira","Falsa, pois no MSA está descrito que tem valor indefinido","D",""
5,"A Fermata pode ser colocada sobre pausa?","Sim.","Não.","","","A",""
5,"Complete: Atualmente é consenso que existe uma liberdade na execução da ____, mas que deve sempre utilizar o bom gosto e o bom ____ nesse prolongamento.","Tercina, figura musical, senso","Tercina, fermata, senso","Fermata, musical, senso","Fermata, musical, local","C",""
5,"O que acontece após a parada breve da fermata nos hinos?","A música para completamente","A música retoma na mesma velocidade anterior","A velocidade é reduzida permanentemente","O músico escolhe uma nova velocidade","B",""
5,"Qual é a duração exata de uma fermata?","Sempre metade do valor da nota","Exatamente o dobro da nota","Indefinida, depende do bom senso musical","Sempre 2 tempos completos","C",""
5,"Na fórmula de compasso 6/8, quantos pulsos o compasso possui?","8 pulsos","6 pulsos","3 pulsos","2 pulsos","B",""
5,"Qual figura musical representa cada pulso na fórmula 6/4?","Colcheia","Mínima","Semínima","Semibreve","C",""
5,"Qual figura musical representa (UT) unidade de tempo na fórmula 6/4?","Mínima pontuada","Mínima","Semínima pontuada","Semibreve","A",""
5,"Qual figura musical representa (UT) unidade de tempo na fórmula 6/8?","Mínima pontuada","Colcheia pontuada","Semínima pontuada","Semibreve","C",""
5,"Qual figura musical representa (UC) unidade de compasso na fórmula 6/4?","Semínima pontuada","Mínima pontuada","Semibreve pontuada","","C",""
5,"Qual figura musical representa (UC) unidade de compasso na fórmula 6/8?","Semínima pontuada","Mínima pontuada","Mínima","Semibreve pontuada","B",""
5,"Em andamentos mais rápidos, como os compassos em 6 podem ser conduzidos alternativamente?","Em 3 tempos","Em 2 tempos, agrupando 3 pulsos em cada tempo","Em 6 tempos completos","Em 1 tempo único","B",""
5,"No nosso hinário temos apenas a(s) seguinte(s) Fórmula(s) de Compasso em 6:","a) 6/4","b) 6/4 e 6/8","c) 6/4, 6/8 e 6/16","","B",""
5,"Qual é a velocidade indicada para solfejar o hino 12?","J=60","J=66","J=100-144","J=92","B",""
5,"Quantas figuras da fermata existem no hino 4 para as claves de SOL e FÁ?","11","10","08","09","C",""
5,"Quantos pulsos ou movimentos tem a semínima, no trecho abaixo do Hino 5 ""A Rocha celestial""?","1 pulso ou movimento.","2 pulsos ou movimentos.","3 pulsos ou movimentos.","","B",""
5,"O Coro do Hino 462 - ""Gloriosa é a história"" contém quantas figuras de Tercinas? Somente nas claves de SOL e FÁ?","4 tercinas.","6 tercinas.","8 tercinas.","","A",""
5,"O Hinário 5 possui 6 Coros, eles têm Tercinas?","Sim","Não","","","B",""
6,"O que é SEMITOM?","É o intervalo de som formado por dois semitons.","É o menor intervalo entre dois sons que se utiliza na música oriental","É o maior intervalo entre dois sons que se utiliza na música ocidental","É o menor intervalo entre dois sons que se utiliza na música ocidental","D",""
6,"Analisando a imagem, observa-se que o acidente é um:","Bemol, pois eleva a altura da nota em 1 tom. (2 semitons)","Bemol, pois abaixa a altura da nota em um semitom (1/2 tom)","Bemol, pois abaixa a altura da nota em dois semitons (1 tom)","Bemol, pois eleva a altura da nota em 1/2 tom. (1 semitom)","B",""
6,"Analisando o sinal de alteração que aparece na imagem, podemos dizer que:","É um bemol, pois abaixa a altura da nota em um semitom (1/2 tom)","É um sustenido, pois eleva a altura da nota em um semitom (1/2 tom)","É um dobrado sustenido, pois eleva a altura da nota em um tom.","É um sustenido, pois eleva a altura da nota em um tom (1/2 + 1/2 tom)","C",""
6,"O acidente que aparece na imagem é um:","Dobrado bemol, pois eleva a altura da nota em dois semitons (1 tom)","Dobrado bemol, pois eleva a altura da nota em um semitom (1/2 tom)","Dobrado bemol, pois abaixa a altura em dois semitons (1 tom)","Dobrado bemol, pois abaixa a altura da nota em um semitom (1/2 tom)","C",""
6,"O acidente que aparece na imagem é um...","Sustenido, pois eleva a altura da nota em um semitom (1/2 tom)","Dobrado sustenido, pois eleva a altura da nota em um semitom (1/2 tom)","Dobrado sustenido, pois abaixa a altura da nota em dois semitons (1 tom)","Dobrado sustenido, pois eleva a altura da nota em dois semitons. (1 tom)","A",""
6,"Na imagem abaixo, o efeito do bequadro foi...","Descendente","Ascendente","Nenhum, foi anulado","","A",""
6,"A imagem abaixo mostra um sustenido elevando a altura da nota lá. Também há um outro acidente que...","Se chama bequadro e sua função é alterar o efeito do sustenido fazendo a nota abaixar-se meio tom em relação à sua altura original.","Se chama bequadro e sua função é alterar o efeito do sustenido fazendo a nota elevar-se dois tons além de sua altura original.","Se chama bequadro e sua função é anular o efeito do sustenido fazendo a nota voltar à sua altura original.","Se chama bequadro e sua função é anular o efeito do sustenido fazendo a nota abaixar-se um tom em relação à sua altura original.","C",""
6,"O que é TOM?","É o maior intervalo entre dois sons que se utiliza na música ocidental ( 1/2 tom)","É o menor intervalo entre dois sons que se utiliza na música oriental (1/2 tom)","É o menor intervalo entre dois sons que se utiliza na música ocidental (1/2 tom)","É o intervalo de som formado por dois semitons. (1 tom)","D",""
6,"Os SEMITONS podem ser:","Uníssonos e enarmônicos","Aumentados ou cromáticos.","Diatônicos ou cromáticos","Harmônicos e melódicos","C",""
6,"A imagem indica um SEMITOM:","Harmônico","Melódico","Diatônico","Cromático","D",""
6,"Analisando a imagem podemos classificar este intervalo como:","Melódico ascendente.","Harmônico ascendente.","Harmônico descendente.","Melódico descendente.","A",""
6,"Analisando a imagem identifica-se qual (is) intervalo (s) entre essas notas?","1 tom e 3 semitons.","1/2 tom","1 tom","2 tons e 1 semitom.","B",""
6,"A imagem abaixo é um SEMITOM DIATÔNICO porque:","É formado por notas de nomes e figuras diferentes.","E formado por notas de nomes e sons iguais.","É formado por notas de nomes e sons parecidos.","É formado por notas de nomes e sons diferentes.","D",""
6,"Os sinais de alteração também podem ser chamadas de:","Acidentes","Stacattos","Arpejo","Acorde","A",""
6,"Segundo o MSA, o bequadro anula o efeito de...","Apenas o dobrado sustenido e dobrado bemol, fazendo a nota voltar a sua altura original.","Todos os acidentes: sustenido, bemol, dobrado sustenido e dobrado bemol, fazendo a nota voltar a sua altura original.","Apenas o sustenido e bemol, fazendo a nota voltar a sua altura original.","","B",""
6,"A escala de doze sons, formada por semitons cromáticos e diatônicos é chamada de...","Escala cromática","Escala melódica","Escala diatônica","Escala harmônica","A",""
6,"Numa escala cromática descendente utiliza-se:","Sustenidos","Bemóis","Bequadros","Dobrado bemóis","B",""
6,"No teclado a distância entre uma tecla branca ou preta e sua vizinha imediata é de...","Um tom","Dois tons","Um semitom","Dois semitons","C",""
6,"Numa escala cromática ascendente utiliza-se:","Sustenido","Bemol","Dobrado sustenido","Bequadro","A",""
6,"A imagem indica um SEMITOM:","Diatônico","Melódico","Cromático","Harmônico","A",""
6,"Classifica-se como intervalo melódico quando:","As notas são ouvidas ou tocadas sucessivamente.","As notas são ouvidas ou tocadas compulsoriamente.","As notas são ouvidas ou tocadas indiretamente.","As notas são ouvidas ou tocadas simultaneamente.","A",""
6,"Classifica-se como intervalo harmônico quando:","As notas são ouvidas ou tocadas ponderadamente.","As notas são ouvidas ou tocadas simultaneamente.","As notas são ouvidas ou tocadas suavemente.","As notas são ouvidas ou tocadas sucessivamente.","B",""
6,"À sucessão de oito sons, composta por 5 tons e 2 semitons, sendo que o 8º som é a repetição do primeiro, chama-se:","Escala Diatônica Maior","Escala Diatônica Cromática","Escala Cromática","Escala Diatônica Menor","A",""
6,"As escalas maiores podem ser construídas sobre qualquer nota?","não","sim","","","B",""
6,"Os nomes das funções dos graus da escala maior são:","Tônica (I), Mediante (II), Supertônica (III), Dominante (IV), Subdominante (V), Superdominante (VI), Sensível (VII) e Repetição da Tônica (VIII)","Tônica (I), Supertônica (II), Mediante(III), Subdominante (IV), Dominante (V), Superdominante (VI), Sensível (VII) e Repetição da Tônica (VIII)","Tônica (I), Mediante (II), Sensível (III), Subdominante (IV), Superdominante (V), Dominante (VI), Supertônica (VII) e Repetição da Tônica (VIII)","Repetição da Tônica (I), Sensível (II), Supertônica (III), Dominante (IV), Subdominante (V), Superdominante (VI), Mediante (VII) e Tônica (VIII)","B",""
6,"Quanto à ESTRUTURA de qualquer escala maior existe uma regra para sua montagem que é:","Os semitons devem estar entre os II e V graus e entre os VI e VII graus.","Os semitons devem estar entre os I e VI graus e entre os V e VI graus.","Os semitons devem estar entre os III e V graus e entre os VI e VIII graus.","Os semitons devem estar entre os III e IV graus e entre os VII e VIII graus.","D",""
6,"Quando analisamos uma estrutura de uma ESCALA MAIOR indica que estamos analisando a distribuição de tons e semitons sendo sua composição feita por:","5 tons e 3 semitons","5 tons e 2 semitons","4 tons e 3 semitons","4 tons e 2 semitons","B",""
6,"De acordo com a função na escala, as notas são chamadas de:","Conjuntos","Grupos graduais","Graus","Subdominantes","C",""
6,"Os graus na escala determinam o momento harmônico dentro de uma:","Cadência expressiva","Altura","Repetição da tônica","Tonalidade","D",""
6,"Os graus da escala maior podem ser representados por números romanos. São eles:","I, II, III, IV","I, II, III, IV, V, VI, VII","I, II, III, IV, V, VI","I, II, III, IV, V, VI, VII, VIII","D",""
6,"As funções dos graus I, III e IV são chamadas, respectivamente:","Tônica, Mediante e Subdominante.","Tônica, Subdominante e Dominante.","Tônica, Sensível e Dominante.","Tônica, Supertônica e Superdominante.","A",""
6,"Como se chama a FUNÇÃO do I grau na escala?","Subdominante","Dominante","Tônica","Mediante","C",""
6,"Como se chama a FUNÇÃO do II grau na escala?","Sensível","Superdominante","Supertônica","Repetição da Tônica","C",""
6,"Como se chama a FUNÇÃO do III grau na escala?","Mediante","Superdominante","Sensível","Supertônica","A",""
6,"Como se chama a FUNÇÃO do IV grau na escala?","Tônica","Subdominante","Supertônica","Repetição da Tônica","B",""
6,"Como se chama a FUNÇÃO do V grau na escala?","Subdominante","Sensível","Supertônica","Dominante","D",""
6,"Como se chama a FUNÇÃO do VI grau na escala?","Repetição da Tônica","Superdominante","Sensível","Dominante","B",""
6,"Como se chama a FUNÇÃO do VII grau na escala?","Subdominante","Sensível","Superdominante","Mediante","B",""
6,"Como se chama a FUNÇÃO do VIII grau na escala?","Supertônica","Dominante","Tônica","Repetição da Tônica","D",""
6,"As escalas maiores podem ser:","Formadas por sustenidos e dobrados bemóis, sendo que para ser uma escala modelo é necessário ter apenas a indicação de um acidente.","Formadas por sustenidos ou bemóis, sendo que a escala modelo de ré maior não possui acidentes.","Formadas por sustenidos ou bemóis, sendo que a escala modelo contém acidentes.","Formadas por sustenidos ou bemóis, sendo que a escala modelo de dó maior não possui acidentes.","D",""
6,"A palavra ESCALA tem sua origem no grego ou no latin?","No grego scada que significa degraus.","No latin scala que significa escada.","","","B",""
6,"Os sinais que são colocados antes das notas e que modificam a sua altura são chamados de...","Sinais de alteração","Sinais de entonação","Sinais de função","Sinais de agregação","A",""
6,"Os intervalos apresentado na imagem acima é?","Simples","Composto","","","B",""
6,"Como podemos definir tom?","É o intervalo formado por três semitons","É o salto simultâneo das notas","É o intervalo fora da oitava","É o intervalo formado por dois semitons","D",""
6,"Assinale a alternativa que se refere ao semitom.","É o intervalo formado por dois semitons","É o menor intervalo entre dois sons","É o menor intervalo entre um som","É o intervalo formado por sons de mesma altura e nomes diferentes","B",""
6,"Qual das alternativas abaixo possui salto de 1 semitom?","Lá e lá","Dó e ré","Mi e fá #","Fá e sol b","D",""
6,"O que são acidentes musicais?","Elevam a altura da nota em um semitom","Sinais à esquerda da nota natural que modificam sua altura","Quando duas notas soam simultaneamente e na mesma altura","Sucessão de 8 notas diferentes e consecutivas","B",""
6,"Qual das afirmações abaixo é falsa?","O IV grau da escala é chamado Subdominante","As escalas maiores têm semitons entre III e IV grau e entre VII e repetição do I grau","A escala cromática é a escala de onze sons, formada por semitons.","La #e Si b são notas enarmônicas","C",""
6,"Considerando os intervalos de semitons: dó e dó#; si e dó podemos classificá-los como:","Cromático e Diatônico","Diatônico e Cromático","Cromático e Cromático","Diatônico e Diatônico","A",""
6,"Assinale a alternativa que possui a quantidade de tons e semitons entre os intervalos Mi # e lá.","3 tons e 1 semitom","2 tons e 1 semitom","1 tom e 1 semitom","2 tons","D",""
6,"Por que é necessário alterar sustenido (#) ou bemol (b) na armadura de clave das escalas diatônicas maiores a cada escala nova que descobrimos?","Porque a ordem para formação da próxima escala é através do 5º grau ascendente ou descendente","Para que se mantenha a distribuição dos tons e semitons das escalas maiores","Para que elas possam ter a mesma armadura de clave","Não tem uma regra necessariamente","B",""
6,"Qual é a próxima escala com sustenido após Lá M?","Ré M","Mi M","Dó M","Sol M","B",""
6,"Quais notas devemos alterar com # nas escalas maiores com sustenidos?","4ª nota ascendente + bemóis das escalas anteriores","5ª nota ascendente da escala anterior","7ª nota ascendente + sustenidos das escalas anteriores","6ª nota descendente da próxima escala","C",""
6,"O intervalo ""dó e dó #"" pode ser considerado:","Intervalo de 1 Tom","Uníssono","Enarmônico","Semitom cromático","D",""
6,"Qual será o nome do 3º grau e da nota na escala de Ré Maior?","Subdominante, fá","Mediante, fá #","Dominante, sol","Superdominante, sol #","B",""
6,"Quais notas devemos alterar com bemóis nas escalas maiores com bemóis?","7ª nota ascendente + sustenidos das escalas anteriores","5ª nota ascendente da escala anterior","6ª nota descendente da próxima escala","4ª nota ascendente + bemóis das escalas anteriores","D",""
6,"Qual será o nome do 6º grau e da nota na escala de Si b Maior?","Superdominante, sol","Subdominante, mi b","Dominante, lá","Sensível, si b","A",""
6,"Qual das alternativas abaixo possui salto de 1 semitom?","Fá e sol b","Lá e lá","Dó e ré","Mi e fá #","A",""
6,"Qual é a ordem padrão dos tons e semitons de uma escala maior?","T-T-ST-TT-T-ST","T-T-ST-T-T-ST - T","T-ST-T-ST-TT- ST","T-T-ST-T-TT-T","A",""
6,"O que é uníssono?","Duas notas com alturas diferentes","Duas notas com a mesma altura sonora","Uma nota com sustenido e bemol","Uma escala de oito notas","B",""
6,"Qual é a tônica da escala de Sol Maior?","Ré","Sol","Dó","Fá","B",""
6,"Como se determina a tônica de uma nova escala maior com sustenidos?","É a terceira nota da escala anterior","É a sétima nota da escala anterior","É a primeira nota da escala anterior","É a quinta nota da escala anterior","D",""
6,"Quantos sustenidos tem a escala de DO Maior?","Dois sustenidos","Um sustenido","Três sustenidos","Nenhum sustenido","D",""
6,"Quando acontece um Uníssono Enarmônico?","Quando ouvimos dois sons da mesma altura.","Quando ouvimos dois sons formados por um semitom.","Quando lemos dois sons escritos da mesma altura, com nomes diferentes.","","C",""
6,"De que maneira as escalas diatônicas se dividem?","Escalas médias e menores.","Escalas altas e médias.","Escalas maiores e menores.","Escalas naturais e melódicas.","C",""
6,"A Escala Maior é formada por:","Uma sucessão de 7 notas consecutivas, em ordem ascendente.","Uma sucessão de 8 notas diferentes e consecutivas, ascendentes ou descendentes.","Uma sucessão de 7 notas alternadas, em ordem ascendente ou descendente.","","B",""
6,"Para formação da 1ª escala maior com sustenidos, partimos da escala modelo ...... e identificamos a ..... dessa escala, que será a ........... da escala seguinte.","Dó Maior - 5ª nota - Tônica.","Sol Maior - 3ª nota - Dominante.","Ré Maior - 5ª nota - Tônica.","","A",""
6,"Para formação da 1ª escala maior com bemóis, partimos da escala modelo ..... e identificamos a ..... dessa escala, que será a ........ da escala seguinte.","Sib Maior - 4ª nota - Dominante.","Fá Maior - 5ª nota - Tônica.","Dó Maior - 4ª nota - Tônica.","","C",""
6,"Em qual opção os intervalos entre os sons são de um tom?","Dó - Ré, Ré - Mi, Mi - Fá, Sol - Lá, Lá - Si.","Dó - Ré, Ré - Mi, Fá - Sol, Sol - Lá, Lá – Si.","Dó - Ré, Ré - Mi, Fá - Sol, Sol - Lá, Si – Dó.","","B",""
6,"Onde são colocados os Acidentes?","Acima da nota, e modifica sua altura.","A direita da nota, e não modifica sua altura.","A esquerda da nota, e modifica sua altura.","","C",""
6,"Os Acidentes podem criar alterações ascendentes e descendentes?","sim.","Não.","Somente ascendente.","","A",""
6,"Como devemos pronunciar o nome da nota alterada?","Falar somente o nome da nota.","Falar o nome do acidente e o nome da nota.","Falar o nome da nota e em seguida o nome do acidente.","","C",""
6,"Quais os Semitons naturais (diatônicos) formados por notas sem acidentes?","Mi - Fá e Si – Dó.","Fá - Sol e Lá - Si.","Ré - Mi e Si - Dó.","","A",""
6,"Qual é a sensível da escala de Sol Maior?","Ré","Si","Mi","Fá","D",""
6,"Qual é a superdominante da escala de Mi Maior?","Ré","Si","Do","La","C",""
6,"Assinale a alternativa que possui a quantidade de semitons entre os intervalos la e do.","3 semitom","4 semitom","5 semitom","6 semitons","A",""
6,"Assinale a alternativa que possui a quantidade de semitons entre os intervalos do e sol.","9 semitom","5 semitom","7 semitom","8 semitons","C",""
6,"Assinale a alternativa que possui a quantidade de tons e semitons entre os intervalos do e fá.","3 tons e 1 semitom","2 tons e 1 semitom","1 tom e 1 semitom","2 tons","B",""
7,"(ESCALAS MAIORES COM SUSTENIDOS) A partir da escala de dó maior, a ordem para a formação da próxima escala é obtida através do:","Quarto grau, descendente e assim consecutivamente. (círculo das quartas)","Quarto grau, ascendente e assim consecutivamente. (círculo das quartas)","Quinto grau, ascendente e seguir assim consecutivamente. (círculo das quintas)","Quinto grau, descendente e seguir assim consecutivamente. (círculo das quintas)","C",""
7,"Na imagem temos duas escalas. Após a barra dupla, temos uma escala de ____. A alternativa correta é:","Sol # maior; seguiu uma ordem a partir da escala modelo de dó maior, através do quarto grau (IV) descendente (círculo das quartas).","Ré maior; seguiu uma ordem a partir da escala modelo de dó# maior, através do sexto grau (VI) descendente (círculo das quintas).","Sol bemol maior; seguiu uma ordem a partir da escala modelo de dó # maior, através do sétimo grau (VII) ascendente (círculo das sétimas).","Sol maior; seguiu uma ordem a partir da escala modelo de dó maior, através do quinto grau (V) ascendente (círculo das quintas).","D",""
7,"Na imagem acima temos duas escalas. Após a barra dupla, temos uma escala de","Ré maior; a partir da escala de dó maior, através do quinto grau descendente","Fá maior; a partir da escala de dó maior, através do quinto grau descendente","Si maior; partir da escala de dó maior, através do quinto grau descendente","Mi maior; a partir da escala de dó maior, através do quinto grau descendente","B",""
7,"Qual é a sequência dos sustenidos, na armadura de clave?","fá #, ré #, lá #, ré #, dó #, mi #, si #","si #, mi#, lá #, ré #, sol #, dó #, fá #","fá #, dó #, sol #, ré #, lá #, mi #, si #","fá #, dó #, sol #, ré #, lá #, si #, mi #","C",""
7,"O que são acidentes fixos?","São os acidentes escritos junto à fórmula de compasso e são considerados também de precaução.","São os acidentes usados para evitar erros na leitura.","São os acidentes que aparecem no decorrer de um trecho, alterando todas as notas de mesma altura.","São os acidentes escritos junto à clave e formam a Armadura de Clave.","D",""
7,"A ordem dos acidentes fixos segue o(s):","Cíclico ou período das quintas","Períodos das quintas","Círculo ou cíclico das quintas","Círculo ou ciclo das quintas","D",""
7,"Para formarmos uma Armadura de Clave composta por SUSTENIDOS partindo da nota dó chegaremos à próxima escala por intervalos de:","Quintas ascendentes","Quintas sucessivas","Quintas harmônicas","Quintas descendentes","A",""
7,"Para formarmos uma Armadura de Clave composta por BEMÓIS, partindo da nota dó chegaremos à próxima escala por intervalos de:","Quintas harmônicas","Quintas ascendentes","Quintas descendentes","Quintas sucessivas","C",""
7,"Complete: A ____ é o nome que se dá ao conjunto de ____ fixados entre a ____","Armadura de clave, acidentes, clave e fórmula de compasso","Fórmula de compasso, acidentes; armadura de clave e clave","Armadura de clave, bemóis, fórmula de compasso e clave","Fórmula de compasso; sustenido; armadura de clave","A",""
7,"Quais são os acidentes e a tonalidade maior de uma escala que possui 4#?","Fá#, dó#, ré#, sol#. Lá M","Fá#, dó#, sol#, ré#. Mi M","Si#, mi#, lá#, ré#. Ré# M","Si#, mi#, ré#, lá#. Si# M","B",""
7,"Quantos acidentes possui a escala de Mi b M?","3 bemóis: si b, mi be lá b","3 bemóis: si b, lá be mi b","4 bemóis: si b, mi b, ré be lá b","3 bemóis: fá b, dó b, sol b","A",""
7,"O que significa fórmula de compasso 9/8?","Determina que o compasso terá 6 pulsos e que a semínima representa cada pulso ou movimento.","Determina que o compasso terá 8 pulsos e que a colcheia representa cada pulso ou movimento.","Determina que o compasso terá 9 pulsos e que a colcheia representa cada pulso ou movimento.","Determina que o compasso terá 3 pulsos e que a semicolcheia representa cada pulso ou movimento.","C",""
7,"Determine o valor de uma semínima pontuada no compasso 9/8.","2 tempos","1 tempo","1/3 de tempo","2/3 de tempo","B",""
7,"Qual será a fórmula de um compasso chamado ternário composto e a figura de movimento é a semínima?","9/8","9/4","12/8","6/4","B",""
7,"Quantas semínimas pontuadas precisamos para preencher um compasso com fórmula 12/8?","4","3","2","12","A",""
7,"No movimento de condução para solfejo em 9, afirmamos que?","Se trata de um compasso quaternário","Se trata de um compasso ternário","É a preparação do movimento","Se refere ao 3º tempo","B",""
7,"O movimento alternativo para solfejo em 9 é o movimento em","2","4","6","3","D",""
7,"Qual será o valor de uma mínima pontuada no compasso 12/8?","3/3 ou 1 tempo","4/3","6/3 ou 2 tempos","2/3","C",""
7,"Qual é o nome das escalas que possuem todos os bemóis e todos os sustenidos em suas armaduras de clave, respectivamente?","Sol b Me Dó # M","Dó b Me Dó # M","Sol b Me Fá # M","Dó b Me Fá # M","B",""
7,"Qual é a sequência dos bemóis, na armadura de clave?","Fá b, dó b, sol b, ré b, lá b, mi besi b","Si b, mi b, ré b, lá b, sol b, dó be fá b","Si b, mi b, lá b, ré b, sol b, dó be fá b","Si b, mi b, sol b, lá b, ré b, dó be fá b","C",""
7,"Assinale a única alternativa falsa.","A escala de Fá M possui 2 bemóis","A escala com bemol é o penúltimo acidente da própria armadura","O compasso 9/4 se chama ternário composto","No compasso 4/4 a colcheia pontuada + semicolcheia = 1 tempo","A",""
7,"Em um hino há 4 bemóis. A qual escala ele se refere?","Mi b M","Lá b M","Ré b M","Si b M","B",""
7,"Por qual motivo o movimento alternativo em 12 é o movimento em 4?","Porque o compasso 12/8 é um ternário composto","Porque o compasso 12/8 é um binário composto","Porque é uma opção para usarmos em andamentos lentos","Porque o compasso 12/8 é um quaternário composto","D",""
7,"O que é a armadura de clave?","Um conjunto de notas aleatórias no pentagrama","O conjunto de acidentes fixados entre a clave e a fórmula de compasso","A indicação de velocidade da música","Uma sequência de notas em uma escala menor","B",""
7,"Qual é a finalidade da armadura de clave?","Indicar que todas as notas com nomes iguais aos acidentes serão alteradas","Alterar apenas as notas da primeira oitava","Definir o ritmo da partitura","Indicar a clave utilizada","A",""
7,"O que acontece com as notas Fá em uma armadura com sustenido na linha de Fá?","São abaixadas em um semitom","São elevadas em um semitom em todas as oitavas","Permanecem sem alteração","São abaixadas em um tom","B",""
7,"Uma armadura de clave pode conter:","Sustenidos e bemóis simultaneamente","Apenas sustenidos ou apenas bemóis","Apenas notas naturais","Acidentes variáveis por oitava","B",""
7,"Qual é a origem dos acidentes fixos da armadura de clave?","São escolhidos aleatoriamente","São definidos pelo compositor","São baseados na clave utilizada","São derivados da escala a que a armadura se refere","D",""
7,"Quantos sustenidos tem a armadura de clave de Ré Maior?","Um sustenido","Dois sustenidos","Três sustenidos","Nenhum sustenido","B",""
7,"Qual escala maior não possui acidentes na armadura de clave?","Dó Maior","Sol Maior","Fá Maior","Si Bemol Maior","A",""
7,"Quantos bemóis tem a armadura de clave de Si Bemol Maior?","Um bemol","Dois bemóis","Três bemóis","Quatro bemóis","B",""
7,"O que indica o número superior na fórmula de compasso em 9?","A duração da nota","O número de pulsos no compasso","A clave utilizada","A velocidade do andamento","B",""
7,"Na fórmula de compasso 9/8, qual figura representa cada pulso?","Colcheia","Semínima","Mínima","Semibreve","A",""
7,"Na fórmula de compasso 9/4, qual figura representa cada pulso?","Colcheia","Semínima","Mínima","Semibreve","B",""
7,"No movimento de solfejo em 9, quail movimento deve ser mais amplo?","Entre 1º e 2º movimentos","Entre 3º e 4º movimentos","Entre 4º e 5º movimentos","Entre 7º e 8º movimentos","B",""
7,"Qual é a recomendação para a velocidade do solfejo em 9?","Variar a velocidade entre os movimentos","Aumentar a velocidade gradualmente","Manter a velocidade constante entre todos os movimentos","Diminuir a velocidade nos movimentos amplos","C",""
7,"Qual clave é recomendada para o estudo inicial do candidato?","Qualquer clave do hinário","Apenas a Clave de Sol","Apenas a Clave de Fá","A clave do método do seu instrumento","D",""
7,"Qual é o propósito de usar o metrônomo nos exercícios de solfejo?","Definir a tonalidade da música","Estabelecer e manter uma velocidade constante","Alterar a clave durante o exercício","Indicar os acidentes fixos","B",""
7,"De acordo com a figura, qual é a sequência da armadura de Clave,","Láb síb mib","Sí b láb mi b","Síb mib la b","","C",""
7,"De acordo com a Armadura de Clave, qual é a escala do hino?","Dó# Maior.","Lá Maior.","Sol# Maior.","","B",""
7,"Em nosso hinário, temos apenas as seguintes Fórmulas de Compasso em 9:","a) 9/4","b) 9/4 e 9/8","c) 9/4, 9/8 e 9/16","","B",""
7,"A Fórmula de compasso 9/8 determina que:","O compasso terá 9 pulsos, e que a colcheia representa cada pulso o movimento.","O compasso terá 4 pulsos, e que haverá 9 colcheias dentro dos 4 pulsos ou movimentos.","O compasso terá 9 pulsos, e que a semínima representa cada pulso ou movimento.","","A",""
7,"Quantos pulsos ou movimentos tem as semínimas destacadas neste trecho:","1 pulso ou movimento.","2 pulsos ou movimentos.","3 pulsos ou movimentos.","","C",""
7,"O que é Movimento Alternativo para Solfejo em 9?","É a escolha do aluno, a fim de facilitar seus estudos de solfejo.","É conduzir o gesto em 3 tempos, agrupando-se 3 pulsos em cada tempo.","É conduzir o gesto em 9, de maneira mais rápida, e sem mostrar onde estão os movimentos.","","B",""
7,"Quando podemos utilizar os Movimentos Alternativos?","Depende da facilidade do aluno.","Quando percebemos que o movimento da mão está muito rápido, dificultando a alocação das figuras nos tempos.","Sempre que tivermos notas longas correspondentes a vários pulsos.","","B",""
7,"Quantos sustenidos tem a armadura de clave de Sol Maior?","Um sustenido","Dois sustenidos","Três sustenidos","Nenhum sustenido","A",""
7,"De acordo com o que estudamos, qual movimento aplicar neste hino?","Apenas Normal em 9.","Apenas Alternativo em 3.","Ambos.","","C",""
7,"O Hino 415 - ""Na cruz morreu o Cordeiro"", é o ideal para fazermos o movimento alternativo para Solfejo em 9?","Sim.","Não.","","","B",""
7,"Fórmula de compasso em 12 é:","Aquela em que o número superior é 12, e indica a figura que representa um pulso em cada movimento.","Aquela em que o número superior é 12, e o número inferior indica a figura musical que representa cada pulso ou movimento.","Aquela em que o número inferior é 12, e o número superior indica a figura musical que representa cada pulso ou movimento.","","B",""
7,"Em nosso hinário, temos apenas a(s) seguinte(s) Fórmula(s) de Compasso em 12:","a) 12/8","b) 12/8 e 12/16","c) 12/8, 12/16 e 12/32","","A",""
7,"A Fórmula de compasso em 12/8 determina que:","O compasso terá 12 pulsos, e que a colcheia representa cada pulso ou movimento.","O compasso terá 8 pulsos, e que haverá 12 colcheias dentro dos 8 pulsos ou movimentos.","O compasso terá 12 pulsos, e que a semicolcheia representa cada pulso ou movimento.","","A",""
7,"O que é Movimento Alternativo para Solfejo em 12?","É a escolha do aluno, a fim de facilitar seus estudos no solfejo.","É conduzir o gesto em 4 tempos, agrupando-se 3 pulsos em cada tempo.","É conduzir o gesto em 12, de maneira mais rápida e sem mostrar onde estão os movimentos.","","B",""
7,"Quando podemos utilizar os Movimentos Alternativos?","Depende da facilidade do aluno.","Quando percebemos que o movimento da mão está muito rápido, dificultando a alocação das figuras nos tempos.","Sempre que tivermos notas longas correspondentes a vários pulsos.","","B",""
7,"Quantos pulsos ou movimentos tem a semínima pontuada no trecho abaixo:","1 pulso ou movimento.","2 pulsos ou movimentos.","3 pulsos ou movimentos.","","C",""
7,"De acordo com o que estudamos, qual movimento aplicar neste hino?","Apenas Normal em 12.","Apenas Alternativo em 4.","Ambos.","","C",""
7,"De acordo com a Armadura de Clave, qual é a escala do hino?","Sib Maior.","Fa Maior.","Fab Maior.","","B",""
7,"De acordo com o que estudamos, qual movimento é o mais adequado para aplicar neste hino?","Normal em 12.","Alternativo em 4.","Ambos.","","B",""
7,"De acordo com a imagem temos?","Clave sol, armadura da clave em Do maior e fórmula de compasso 4/4","Clave sol, armadura da clave em Do# maior e fórmula de compasso 4/4","Clave dó, armadura da clave em Do# maior e fórmula de compasso 4/4","","B",""
7,"De acordo com o hino, quantos pulsos ou movimentos tem o primeiro compasso e qual é a Unidade de tempo (UT)?","9 pulsos, mínima pontuada","9 pulsos mínima","9 pulsos mínima pontuada três vezes","","A",""
7,"Resolver, em conjunto, o exercício 1, da página 69! Nota: Observe a disposição das figuras em cada compasso, descubra qual a unidade de tempo e, finalmente, aponte a fórmula de compasso correspondente.","","","","","",""
7,"Vamos executar, em conjunto, a Leitura Rítmica dos exercícios 43 e 44, da página 69! Nota: Observe as fórmulas de compasso e as unidades de movimento correspondentes, bem como, a velocidade indicada.","","","","","",""
7,"Vamos executar, em conjunto, a Leitura Métrica e Solfejo do Hino 45!","","","","","",""
7,"Vamos executar, em conjunto, a Leitura Métrica e Solfejo do Hino 44!","","","","","",""
7,"Vamos executar, em conjunto, a Leitura Métrica e Solfejo do Hino 15!","","","","","",""
8,"O que são acidentes ocorrentes?","São os acidentes escritos junto à fórmula de compasso e são considerados também de precaução.","São os acidentes que aparecem no decorrer de um trecho, alterando todas as notas de mesma altura, somente dentro do mesmo compasso.","São os acidentes escritos junto à clave e formam a Armadura de Clave.","São os acidentes usados para evitar erros na leitura.","B",""
8,"A partir da Armadura de Clave é possível identificar a TONALIDADE de uma partitura?","Não","Sim","","","B",""
8,"Analisando a imagem acima é correto afirmar que:","A partir do penúltimo sustenido, elevando-se 5 notas chega-se à tonalidade.","A partir do primeiro sustenido, a próxima nota será à tonalidade.","A partir do último sustenido, a próxima nota será à tonalidade.","A partir do segundo sustenido, a próxima nota será à tonalidade.","C",""
8,"Analisando a imagem é correto afirmar que:","A tonalidade pode ser Fá Maior (Fá M ou F)","A tonalidade pode ser Ré Maior (Ré M ou E)","A tonalidade pode ser Lá bemol Maior (Lá b M ou Ab)","A tonalidade pode ser Mi Maior (Mi M ou E)","D",""
8,"Analisando a imagem abaixo é correto afirmar que:","A partir do último bemol, abaixa-se uma quinta e chega-se a tonalidade de Lá bemol Maior.","A partir do penúltimo bemol, eleva-se uma quinta e chega-se a tonalidade de Mi bemol Maior.","A partir do último bemol, eleva-se uma sexta e chega-se a tonalidade de Lá Maior.","A partir do último bemol, eleva-se uma quinta e chega-se a tonalidade de Lá bemol Maior.","D",""
8,"Analise a imagem e responda qual é a TONALIDADE?","Ré bemol Maior","Si bemol Maior","Mi bemol Maior","Lá bemol Maior","D",""
8,"Analise a imagem e responda qual é a TONALIDADE.","Fá Maior","Ré Maior","Sol Maior","Lá Maior","C",""
8,"Analise a imagem e responda qual é a TONALIDADE?","Dó Maior","Mi Maior","Ré Maior","Si Maior","C",""
8,"Analise a imagem e responda qual é a TONALIDADE?","Ré Maior","Lá Maior","Mi Maior","Fá Maior","B",""
8,"Analise a imagem e responda qual é a TONALIDADE?","Ré# Maior","Dó Maior","Si Maior","Fá# Maior","D",""
8,"Qual é a tonalidade que possui 4 sustenidos","Ré Maior","Lá Maior","Mi Maior","Fá Maior","C",""
8,"Analise a imagem e responda qual é a TONALIDADE?","Ré Maior","Lá Maior","Si Maior","Fá Maior","C",""
8,"Analise a imagem e responda qual é a TONALIDADE?","Dó # Maior","Si # Maior","Dó Maior","Si Maior","A",""
8,"Analise a imagem e responda qual é a TONALIDADE?","Si bemol Maior","Si Maior","Ré Maior","Fá Maior","D",""
8,"Analise a imagem e responda qual é a TONALIDADE?","Si Maior","Mi Maior","Si bemol Maior","Mi bemol Maior","C",""
8,"Analise a imagem e responda qual é a TONALIDADE?","Mi bemol Maior","Si bemol Maior","Ré bemol Maior","Sol bemol Maior","C",""
8,"Analise a imagem e responda qual é a TONALIDADE?","Mi bemol Maior","Sol bemol Maior","Lá bemol Maior","Dó bemol Maior","B",""
8,"Analise a imagem e responda qual é a TONALIDADE?","Lá bemol Maior","Dó bemol Maior","Si bemol Maior","Mi bemol Maior","D",""
8,"Analise a imagem e responda qual é a TONALIDADE?","Si Maior","Mi Maior","Lá bemol Maior","Mi bemol Maior","C",""
8,"Os acidentes podem ser:","Fixos, ocorrentes ou de precaução.","Prefixos, aparentes ou de cautela.","Fixos ou ocorrentes.","Sufixos, ocasionais ou de atenção","A",""
8,"Analise a imagem e responda qual é a TONALIDADE?","Si Maior","Mi Maior","Si bemol Maior","Dó bemol Maior","D",""
8,"O que é tonalidade?","É o nome que se dá a uma série de sons com base no I grau de uma escala. (tônica)","É a representação visual da relação que existe entre os sons da escala.","É a representação de altura e intensidade existente entre os sons das escalas.","É o nome que se dá a uma série de sons com base no II grau de uma escala diatônica.","A",""
8,"Qual frase abaixo melhor descreve tonalidade?","Conjunto de acidentes fixados entre a clave e a fórmula","Organização da composição musical em relação a nota principal da escala (tônica)","Sucessão de 8 notas diferentes e consecutivas","Conjunto de notas que a escala maior ou menor possui","B",""
8,"Qual é a diferença entre escala e tonalidade?","Escala = notas sucessivas e tonalidade = notas consecutivas","Escala = notas consecutivas e tonalidade = notas alternadas","Escala = notas consecutivas e tonalidade = notas sucessivas","Escala = notas alternadas e tonalidade = notas sucessivas","B",""
8,"É correto afirmar que em nossos hinários encontramos","Apenas tonalidades maiores","Apenas tonalidades menores","Não há uma resposta correta","Tonalidades maiores e alterações momentâneas em menores","D",""
8,"Qual é a tonalidade que possui 6 bemóis?","Dó b M","Sol b M","Fá b M","Nenhuma das alternativas","B",""
8,"A frase ""Acidentes colocados à esquerda da nota que alteram ela e as demais de mesmo nome/altura no compasso"" se refere:","Aos acidentes fixos","Aos acidentes de precaução","Aos acidentes ocorrentes","Aos acidentes que evitam erro na leitura musical","C",""
8,"Qual frase abaixo se refere ao dobrado sustenido?","Eleva a altura da nota em um semitom","Abaixa a altura da nota em um semitom","Eleva a altura da nota em dois semitons","Abaixa a altura da nota em dois semitons","C",""
8,"Como devemos identificar a tonalidade de um hino ou lição?","Pela fórmula de compasso","Pela clave","Pela armadura de clave","Pela última nota da voz do soprano","C",""
8,"O efeito do dobrado bemol é:","Abaixar a altura da nota em dois semitons","Elevar a altura da nota em um semitom","Abaixar a altura da nota em um semitom","Elevar a altura da nota em dois semitons","A",""
8,"O conceito ""Anula efeito de todas as alterações"" refere-se:","Ao dobrado sustenido","Ao bequadro","Ao acidente cromático","Ao dobrado bemol","B",""
8,"Complete: O bequadro terá efeito ____ se anular o bemol ou dobrado bemol.","Descendente","Natural","Nulo","Ascendente","D",""
8,"O símbolo da imagem ao lado refere-se ao","Bequadro","Fermata","Barra final","Dobrado sustenido","A",""
8,"Qual o nome dos acidentes presentes na armadura de clave?","Acidentes de Precaução","Acidentes Fixos","Acidentes Ocorrentes","Nenhuma das alternativas acima","B",""
8,"Qual é a tonalidade maior deste hino?","Lá b M","Mi b M","Si b M","Ré b M","B",""
8,"Os acidentes presentes no hino acima são:","Acidentes fixos e precaução","Acidentes ocorrentes e precaução","Acidentes fixos e ocorrentes","Somente acidentes fixos","C",""
8,"Conforme a armadura de clave, qual é a tonalidade e os tipos de acidentes do hino?","Lá b M, acidentes fixos, ocorrentes e de precaução","Ré b M, acidentes fixos e de precaução","Lá b M, acidentes fixos e ocorrentes","","C",""
8,"O que indica que uma peça está em uma tonalidade específica?","O uso essencial das notas de uma escala específica","A presença de notas aleatórias no pentagrama","A ausência de acidentes na armadura de clave","A repetição constante do ritmo","A",""
8,"Qual é o centro tonal da tonalidade de Sol Maior?","Dó","Fá","Sol","Si","C",""
8,"Nos hinos, qual voz geralmente termina na tônica para dar sensação de conclusão?","Soprano","Baixo","Tenor","Contralto","B",""
8,"Qual tonalidade possui dois bemóis na armadura de clave?","Sol Maior","Si Bemol Maior","Fá Maior","Dó Maior","B",""
8,"As escalas menores refere-se","Tonalidades maiores","Tonalidades mistas","Tonalidades menores","Tonalidades atonais","C",""
8,"O que acontece com um acidente prolongado por uma ligadura de valor entre compassos diferentes?","Afeta apenas a nota ligada, mas não as demais iguais no compasso seguinte","Afeta todas as notas iguais no compasso seguinte","Anula o acidente no compasso seguinte","Torna o acidente permanente na partitura","A",""
8,"A Tonalidade pode ser:","Alta ou Baixa.","Clara ou Escura.","Maior ou Menor.","","C",""
8,"Os hinos do Hinário 5 estão escritos em quais tonalidades?","Maiores e Menores.","Somente em Maiores.","Somente em Menores.","","B",""
8,"Qual a Tonalidade do hino 289 - ""Avante, sempre, avante""?","Mi Maior.","Sol# Maior.","Ré Maior.","","A",""
8,"Nos nossos hinários, além do bemol e do sustenido, temos quais acidentes ocorrentes?","Dobrado Sustenido, Dobrado Bemol e Bequadro.","Quadrado Sustenido, Quadrado Bemol e Bi quadrado.","Dobra do Sustenido, Quarto do Bemol e Beta quadro.","","A",""
8,"O que são Acidentes de precaução?","São os acidentes colocados entre a Clave e a Fórmula de Compasso.","São os acidentes colocados à esquerda de uma nota, e que alteram essa nota e todas as demais de nomes diferentes dentro daquele compasso.","São os acidentes colocados à esquerda de uma nota que já se encontra alterada por esse mesmo acidente, seja por causa da armadura de clave, seja porque essa nota já havia sido alterada anteriormente no mesmo compasso.","","C",""
8,"Para que servem os Acidentes de Precaução?","São apenas para ajustar a partitura, caso o compositor tenha esquecido de indicar os acidentes fixos.","Servem de lembrete ao intérprete, de que há erros na partitura, os quais precisam ser corrigidos.","São utilizados para evitar erro de leitura do intérprete.","","C",""
8,"Quantos acidentes ocorrentes tem abaixo, nas duas claves?","3","4","2","","B",""
9,"Para indicar a repetição de um trecho usam-se barras de repetição chamadas de:","Sinais de repetição","Casas de ritornello","Sinais de abreviação","Sinais de ritornelo","D",""
9,"Analisando a imagem podemos denominar os sinais como:","casas de ritornello","sinais de ritornello","repetição de casas","abreviação","A",""
9,"Qual o conceito correto de ""Barras de Repetição""?","Duas linhas verticais não paralelas, sendo uma delas mais grossa","Duas linhas verticais paralelas, com 2 pontos ao centro da segunda","Duas linhas verticais paralelas, seguidas de ponto triplo","Duas linhas verticais não paralelas, seguidas de um ponto","B",""
9,"Referente as barras de repetições no hinário 5 nota-se","São usadas sempre em pares e juntas","Podem ser usadas individualmente","Podem ser usadas individualmente e em pares","Não se deve utilizar as barras de repetições juntas","A",""
9,"Quando vemos uma barra de repetição no trecho musical:","Devemos tocar 3 vezes o trecho e depois seguir a leitura","O encarregado dirá quantas vezes será repetido o trecho","Não deve ser repetido se já tiver passado o horário do culto terminar","Devemos tocar 2 vezes o trecho e depois seguir a leitura","D",""
9,"Assinale a alternativa correta de acordo com a imagem abaixo","Só há 1 barra de repetição correta","Nenhuma barra está correta","Só há 2 barras de repetição corretas","Todas barras de repetição estão corretas","B",""
9,"O conceito ""São duas linhas verticais paralelas, seguidas por dois pontos alinhados ao centro da segunda"" refere-se","As casas de ritornello","As barras finais","As barras de repetição","As barras de união","C",""
9,"É possível afirmar que em nosso hinário há barras de repetição e casas de ritornello?","Sim, são utilizados barras de repetição e casas de ritornello","Não, somente há barras de repetição","Não, somente há barras de ritornello","Não são usados nos hinos, somente nos métodos dos instrumentos","A",""
9,"É possível notar que:","Há aplicação das casas de ritornello sem barra de repetição final","Há aplicação da casa de ritornello com barra de repetição final","Há aplicação da barra de repetição 1 e 2","Esse trecho musical não pertence ao hinário, pois não encontra-se casa de ritornello em nossos hinos","B",""
9,"É possível afirmar que:","A casa de ritornello 1 e 2 estão acompanhadas da barra de repetição inicial","A casa de ritornello 3 está acompanhada da barra de repetição inicial","A casa de ritornello 1 e 2 estão acompanhadas da barra de repetição final","A casa de ritornello 3 está acompanhada da barra de repetição final","C",""
9,"É possível afirmar sobre as casas de ritornello que:","Podemos ter apenas 1 casa de ritornello","Podemos ter até 2 casas de ritornello","Podemos ter até 3 casas de ritornello","Não há limite, mas em nosso hinário usa-se até 3 casas","D",""
9,"É possível afirmar que geralmente as casas de ritornello estão sempre acompanhadas da:","Barra de repetição inicial","Barra de repetição final","Barra final","Não estão acompanhadas de barras","B",""
9,"As barras de repetição estão sempre em conjunto, pois","Os pares iniciais e finais indicam onde você deve repetir o trecho musical","Os pares iniciais e finais não indicam onde você deve voltar no trecho musical","Os pares iniciais e conclusivos indicam onde você deve voltar no trecho musical","As barras não estão sempre em conjunto","A",""
9,"Sobre a casa de ritornello, é possível afirmar que","Estão presentes somente no baixo","Estão presentes somente no soprano","Estão presentes em todas as vozes","Estão presentes somente no tenor","C",""
9,"Sobre as barras de repetição, é possível afirmar que","Estão presentes somente no baixo","Estão presentes somente no soprano","Estão presentes somente no tenor","Estão presentes em todas as vozes","D",""
9,"Sobre as barras de repetição e casas de ritornello sabemos que","Estão presentes em nosso hinário, mas não devem ser usadas se o culto estiver atrasado","Estão presentes em nosso hinário","Estão presentes em nosso hinário, mas só repetirá um trecho musical se o encarregado de orquestra solicitar","Estão presentes em nosso hinário, mas só repetirá um trecho","B",""
9,"O que indica a barra de início de repetição (ritornello)?","O final da seção a ser repetida","O início da seção que será repetida","Uma pausa na execução","O término da partitura","B",""
9,"Como é caracterizada a barra final de repetição (ritornello)?","Duas linhas verticais, a segunda mais grossa, precedida por dois pontos","Duas linhas verticais, a primeira mais grossa, seguidas por dois pontos","Uma linha vertical simples com um ponto","Três linhas verticais paralelas","A",""
9,"O que o intérprete deve fazer quando encontra barras de ritornello sem outros sinais?","Tocar o trecho apenas uma vez","Tocar o trecho duas vezes e prosseguir","Parar a execução no final do trecho","Repetir o trecho três vezes","B",""
9,"Para que servem as casas de ritornello?","Indicar pausas na música","Determinar mudanças nos últimos compassos da repetição","Marcar o início de uma nova tonalidade","Substituir as barras de repetição","B",""
9,"Na primeira passagem de uma seção com duas casas de ritornello, qual casa é tocada?","Casa 1","Casa 2","Ambas as casas","Nenhuma casa","A",""
9,"O que o intérprete faz na segunda passagem de uma seção com duas casas de ritornello?","Toca novamente a casa 1","Pula a casa 1 e toca a casa 2","Toca ambas as casas","Prossegue sem tocar as casas","B",""
9,"Se houver uma casa 3 em uma repetição, o que o intérprete deve fazer?","Repetir o trecho novamente e tocar a casa 3, pulando as casas 1 e 2","Tocar a casa 3 na primeira passagem","Ignorar a casa 3 e prosseguir","Tocar todas as casas na ordem","A",""
9,"Nos hinos da Congregação Cristã no Brasil, os sinais de repetição utilizam quais elements?","Apenas barras de início","Casas de ritornello","Apenas barras de final","Nenhum sinal de repetição","B",""
9,"Como são executados os hinos com ""Final"" após as estrofes, como o hino 41? ""consultar hinário""","Toca-se todas as estrofes e o ""Final"" apenas após a última estrofe","Toca-se o ""Final"" após cada estrofe","O ""Final"" é tocado antes das estrofes","O ""Final"" é opcional","A",""
9,"Como identificar um hino com ""Final"" após as estrofes? ""consultar hino 41""","Pelo sinal de ritornello no início e casas de ritornello no fim da estrofe","Pela ausência de barras de repetição","Pelo uso de três casas de ritornello","Por uma indicação de ""Início""","A",""
9,"Quantas casas de ritornello o hino 63 possui, segundo 0 documento?","2 casas","3 casas","1 casa","Nenhuma casa","A",""
9,"Qual hino é um exemplo de 3 casas de ritornello?","Hino 21","Hino 63","Hino 41","Hino 298","C",""
9,"O que acontece após tocar a casa 2 em uma seção com duas casas de ritornello?","Prossegue-se até o final da partitura","Repete-se o trecho novamente","Toca-se a casa 1 novamente","Para-se a execução","A",""
9,"Qual é a função dos dois pontos na barra de início de repetição?","Indicar o início da seção a ser repetida","Marcar uma pausa","Indicar o final da repetição","Substituir as casas de ritornello","A",""
9,"Em um hino com 3 casas de ritornello, quantas vezes o trecho entre as barras é tocado?","2 vezes","3 vezes","1 vez","4 vezes","B",""
9,"Ao executar o trecho compreendido entre as barras de repetição, sem nenhum outro sinal, o que se deve fazer após finalizá-lo?","Deve-se prosseguir até o final da partitura","Encerra-se a execução musical mesmo que haja outros compassos em sequência.","Deve-se retornar ao início da peça musical, independentemente da posição em que estiver.","","A",""
9,"Vamos analisar, em conjunto, os seguintes hinos com 2 ou 3 casas de ritornello! Exemplos de hinos com 2 casas de ritornello: 21, 63, 298, 372, 459. Exemplos de hinos com 3 casas de ritornello: 6, 41, 42, 272, 457, 465, 475. Nota: Experimente solfejar os hinos para praticar a leitura destes sinais de repetição.","","","","","",""
9,"Vamos executar, em conjunto, a Leitura Rítmica e Solfejo dos exercícios 67 a 71, das páginas 88 a 92! Nota: Observe a fórmula de compasso e a unidade de movimento correspondente.","","","","","",""
10,"A variação da intensidade dos sons chama-se:","Dinâmica","Andamento","Propriedades do sons","Harmonia","A",""
10,"A intensidade é a propriedade de um som ser ____ ou **","Grave ou agudo","Rápido ou lento","Audível ou inaudível.","Forte ou fraco","D",""
10,"Em dinâmica a abreviatura ""ppp"" indica:","Suave","Extremamente suave","Meio suave","Muito suave","B",""
10,"Em dinâmica a abreviatura ""pp"" indica:","Meio suave","Suave","Muito suave","Extremamente suave","C",""
10,"Em dinâmica a abreviatura ""p"" indica:","Meio suave","Suave","Muito suave","Brando","B",""
10,"Em dinâmica a abreviatura ""mp"" indica:","Meio suave","Muito suave","Extremamente suave","Meio forte","A",""
10,"Em dinâmica a abreviatura ""mf"" indica:","Meio forte","Forte","Suave","Muito suave","A",""
10,"Em dinâmica a abreviatura ""f"" indica:","Suave","Muito suave","Forte","Meio forte","C",""
10,"Em dinâmica a abreviatura ""ff"" indica:","Muito forte","Suave","Forte","Meio forte","A",""
10,"Em dinâmica a abreviatura ""fff"" indica:","Muito forte","Extremamente forte","Forte","Meio forte","B",""
10,"Qual o efeito destes sinais apresentados na imagem abaixo?","1 rilasciando (diminuindo o volume); 2 elevando (aumentando o som)","1 crescendo (aumentando o som); 2 decrescendo (diminuindo o som)","1 alargando (diminuindo o som); 2 reduzindo (aumentando o som)","1 decrescendo (diminuindo o som); 2 crescendo (aumentando o som)","B",""
10,"A maneira como se pronuncia as notas musicais dá-se o nome de:","Vocalização","Emissão","Pronunciação","Articulação","D",""
10,"Complete: A** é a variação de intensidade do som de maneira gradual.","Síncopa","Dinâmica","Altura","Subdivisão","B",""
10,"As variações de intensidades ocorridas na dinâmica são conhecidas como:","Síncopa","Altura","Subdivisão","Graduações","D",""
10,"A dinâmica é muita utilizada em nosso hinário, ela é empregada:","Naturalmente de acordo com o discurso musical ou poesia do hino","Através das abreviaturas tal como ""pp - pianíssimo""","Aumentando a intensidade rapidamente","Variando a intensidade rapidamente","A",""
10,"As graduações de intensidade também podem ser indicadas por quais sinais abaixo?","+-","/ ","< >","Nenhuma das alternativas","C",""
10,"De acordo com o trecho musical abaixo devemos:","Diminuir a intensidade","Dobrar a intensidade","Nenhuma das alternativas","Aumentar a intensidade","D",""
10,"Quando o sinal de crescendo e decrescendo não tem uma dinâmica especificada deve-se?","Aumentar a intensidade em um nível apenas","Diminuir a intensidade em um nível apenas","Aumentar ou diminuir a intensidade em um nível apenas","Aumentar ou diminuir a intensidade em dois níveis","C",""
10,"Nos ensaios regionais ou locais, caso o regente faça o sinal com a mão para aumentar ou diminuir o som, o músico deverá:","Acompanhar o sinal rapidamente para não atrasar a orquestra","Acompanhar o sinal de maneira gradual","Somente acompanhar o sinal se for um instrumento da família de cordas","Esse sinal é feito para os instrumentos que tocam a voz do ""baixo"" somente","B",""
10,"Os músicos devem executar o seu som com qualidade e expressão musical. Sabendo disso, é permitido que o músico se sobressaia entre os demais músicos na orquestra:","Os músicos não devem sobressair dos demais","Somente se for um músico oficializado","Somente se forem encarregados de orquestra","Somente para guiar a irmandade quando houver poucos músicos","A",""
10,"As organistas praticam a dinâmica nos hinos através:","Da pedaleira","Do vibrato","Das alturas das notas","Do pedal de expressão","D",""
10,"O que e dinâmica na música?","A variação do ritmo das notas","A variação da intensidade do som de maneira gradual","A mudança de tonalidade na partitura","A velocidade da execução musical","B",""
10,"Conhecendo a tabela de graduação, é possível afirmar que:","Podemos chegar em limites de graduações iguais para instrumentos diferentes","O violino é o único instrumento capaz de fazer todas graduações","Cada instrumento tem seu próprio limite e não se pode exigir a mesma execução para todos","Não é possível fazer a graduação pianíssimo em instrumentos graves","C",""
10,"Ao ver uma graduação ""piano"" seguida de um crescendo então devemos tocar a próxima nota com a graduação","Mezzo forte","Mezzo piano","Forte","Pianíssimo","B",""
10,"É possível afirmar que o sinal < representa um:","Crescendo","Decrescendo","Quase crescendo","Quase crescendo","A",""
10,"Como as graduações de intensidade do som podem ser indicadas na partitura?","Por abreviaturas de termos italianos","Por mudanças na clave","Por sinais de repetição","Por alterações no compasso","A",""
10,"Onde as indicações de dinâmica geralmente são colocadas na partitura?","Na parte superior do pentagrama","Na parte de baixo do pentagrama","Ao lado das notas","No início de cada compasso","B",""
10,"Qual sinal indica um aumento gradual da intensidade do som?","Decrescendo","Crescendo","Fortíssimo","Pianíssimo","B",""
10,"O que significa o sinal de ""decrescendo""?","Diminuição gradual da intensidade do som","Aumento rápido da intensidade","Manutenção do mesmo volume","Silêncio total","A",""
10,"O que o interprete deve fazer ao ver uma indicação como ""pp ff"" em um crescendo?","Partir de pianíssimo e chegar a fortíssimo ao final do sinal","Manter o som em pianíssimo","Ir de fortíssimo a pianíssimo","Tocar apenas em mezzo forte","A",""
10,"Por que não se pode exigir o mesmo ""pp"" de um oboé e de um clarinete?","Porque os instrumentos têm ritmos diferentes","Porque cada instrumento tem características sonoras distintas","Porque os instrumentos tocam em claves diferentes","Porque o oboé é mais alto que o clarinete","B",""
10,"Qual e o limite de ""ff"" que um musico deve respeitar ao tocar?","O mesmo para todos os instrumentos","O indicado pelo regente","O limite característico do seu próprio instrumento","O máximo possível sem distorção","C",""
10,"O que o candidato deve priorizar ao executar dinâmicas em um conjunto?","A qualidade sonora do conjunto sem sobressair","Tocar mais alto que os outros músicos","Seguir apenas as indicações do regente","Ignorar as características do instrumento","A",""
10,"Se não houver dinâmica inicial e final especificada em um decrescendo, o que o interprete deve fazer?","Diminuir abruptamente para pp","Descer apenas um nível de intensidade","Manter o mesmo nível de som","Aumentar o som gradualmente","B",""
10,"Por que as dinâmicas são consideradas comparações entre intensidades?","Porque dependem das características sonoras de cada instrumento","Porque são iguais para todos os instrumentos","Porque só dependem da partitura","Porque o regente define os níveis","A",""
10,"Quais os estilos de Dinâmica mais comumente usados na interpretação musical?","Dinâmica laboral e legítima.","Dinâmica natural e artificial.","Dinâmica relacional e perfeita.","","B",""
10,"Como deve ser executada a Dinâmica no hinário?","Ajusta-se a dinâmica de acordo com a frequência da irmandade no culto.","Aplica-se a dinâmica de acordo com a quantidade de músicos e categorias de instrumentos.","Em nossos hinários, não há a indicação de dinâmica artificial, devendo ser seguida a dinâmica natural, de acordo com a poesia do hino e o discurso musical.","","C",""
10,"Na congregação, a dinâmica artificial é aplicada aos instrumentos de acordo com a regência? Quando?","Sim, quando o encarregado segue marcações a lápis, feitas no hinário, que obedecem a poesia e a estrutura musical","Não, mesmo que encarregado siga marcações, ainda assim é uma regência natural","","","A",""
10,"O que é dinâmica artificial","É a marcação que temos em nosso hinário","É a indicada pelo compositor, como meio de expressão","Não existe dinâmica artificial","","B",""
10,"Na congregação, a dinâmica natural é aplicada com a regência, Sim ou Não?","Sim, por não estar marcada no hinário, ele segue a dinâmica através da poesia do hino e das alturas que as notas se encontram","Não, a sua regência é Artificial, mesmo que ele siga através da poesia do hino e das alturas que as notas se encontram","","","A",""
10,"No hino 55, acontece uma dinâmica natural que ocorre:","No coro entra com som forte, e mantém até o final","No coro entra suave, e só no 3 sistema do coro que aumenta a intensidade","No coro entra suave e toca até o final sem mudar a intensidade","","B",""
10,"No hino 15, acontece uma dinâmica natural que ocorre:","A partir da segunda virgula maior, começa um crescendo que se estende até o final desta virgula","Toca-se piano do começo ao fim, sem mudar a intensidade","Começa com som forte na introdução e mantém até o final","","A",""
10,"No hino 61, acontece uma dinâmica natural que ocorre:","Começa forte na estrofe e no coro com menos intensidade","Começa forte e termina fraco em todas as respirações com virgula","Começa a estrofe tocando suave, e no coro cresce aumentando gradualmente, até que tenha que diminuir a intensidade","","C",""
10,"No hino 106, acontece uma dinâmica natural que ocorre:","Começa forte e cai a intensidade apenas na finalização do verso","Começa suave e cresce o som chegando na fermata...","Começa suave e mantém até o final","","B",""
10,"Vamos executar, em conjunto, a Leitura Métrica e Solfejo dos exercícios 72 a 76, das páginas 94 a 99!","","","","","",""
11,"A acentuação métrica é a combinação de um tempo:","Fraco (apoio) com os contratempos fortes do compasso.","Fraco (apoio) com os tempos fortes do compasso.","Forte (apoio) com os tempos fracos do compasso.","Forte (apoio) com os tempos fortes do compasso.","C",""
11,"A acentuação métrica e volume de som são coisas diferentes?","Não","Sim","","","B",""
11,"O tempo de apoio corresponde ao:","Acento tônico","Acento subdominante","Acento sensível","Acento mediante","A",""
11,"Nos compassos compostos a UNIDADE DE TEMPO (U.T.) é formada por","Duas figuras de Movimento.","Três figuras de Movimento.","Oito figuras de Movimento.","Quatro figuras de Movimento.","B",""
11,"Nos compassos compostos para obtermos a UNIDADE DE TEMPO, basta ____ por ____ o número inferior","Multiplicar; três","Dividir; três","Dividir; dois","","A",""
11,"Para saber, pela fórmula de compasso, se o compasso composto é binário, ternário ou quaternário basta dividir o número superior por","2 (dois).","3 (três).","4 (quatro).","8 (oito).","B",""
11,"Num compasso composto, na fórmula de compasso, o número inferior indica a ____ É representado pelos números 2, 4, 8 etc.","Figura da subdivisão","Figura de movimento","Figura da bi subdivisão","Figura da unidade de tempo","B",""
11,"As UNIDADES DE TEMPO (U.T.) e as UNIDADES DE COMPASSO (U.C.) nos compassos compostos são SEMPRE formadas por figuras pontuadas.","Não","Sim","","","B",""
11,"A imagem acima apresenta um cálculo matemático de divisão e multiplicação. Como resultado temos que esta fórmula de compasso representa um:","Compasso binário, sendo que a U.C. é uma semínima pontuada.","Compasso binário, sendo que a U.M. é uma mínima pontuada.","Compasso binário, sendo que a U.T. é uma semínima pontuada.","Compasso binário, sendo que a U.M. é uma semínima pontuada","C",""
11,"Analise a figura e marque a resposta correta, de acordo com a ordem da imagem abaixo:","1 = UT; 2 = figura de movimento; 3 = UC","1 = figura de movimento; 2 = UC; 3 = UT","1 = UC; 2 = UT 3 = figura de movimento","1 = figura de movimento; 2 = UT; 3 = UC","D",""
11,"Analise a figura acima e marque a resposta correta para o compasso circulado:","U.T. - Unidade de Tempo","U.M. - Unidade de Movimento","U.C. - Unidade de Compasso","U.M. - Unidade de medida","C",""
11,"À junção de dois ou mais compassos de FÓRMULAS diferentes, tocados alternadamente, dá-se o nome de","Compassos simples.","Compassos compostos.","Compassos mistos.","Compassos alternados.","D",""
11,"Qual é a subdivisão de um compasso composto?","É a subdivisão binária","a subdivisão quaternária","a divisão do compasso","É a subdivisão ternária","D",""
11,"O acento métrico é a acentuação forte ou fraca dos tempos do compasso, ele deve ser executado:","Com atenção a dinâmica variando a altura do som","Aumentando a intensidade sempre nas primeiras notas do compasso","De forma natural","Acentuando as notas acima da 3ª Linha","C",""
11,"Qual é a sequência correta do acento métrico no compasso quaternário simples (4/4)?","Forte, meio forte, fraco, fraco","Forte, fraco, meio forte, fraco","Fraco, meio forte, forte, fraco","Fraco, forte, meio forte, fraco","B",""
11,"Quais são os números superiores para que um compasso seja considerado simples?","2; 3; 4","6; 9; 12","3; 6; 9","2; 4 somente, pois o 3 é ternário composto","A",""
11,"Qual será a U.T. da fórmula 3/4?","Semibreve","Semifusa","Semínima","Colcheia","C",""
11,"Qual será a fórmula de compasso em que a U.T. é a mínima pontuada e o compasso chama-se Binário Composto?","6/4","2/2","6/2","2/4","A",""
11,"Quais notas circuladas no trecho possuem acento métrico (F) e (mf) do compasso?","1, 3 a 6","1, 3, 5","1, 2, 3, 4 e 6","Todas as notas (e pausa) circuladas possuem acento métrico","B",""
11,"Qual é a única alternativa falsa abaixo sobre a fórmula de compasso 9/32?","Possui 3 tempos dentro do compasso","Possui 9 movimentos dentro do compasso","A U.T. é a semicolcheia pontuada","A figura que preenche o compasso é a colcheia com ponto duplo","D",""
11,"Qual será o valor de uma colcheia pontuada no compasso 6/8?","3/12 avos de tempo","3/6 de tempo","1/3","1/6","B",""
11,"Qual é a unidade de tempo em um compasso composto como 6/4?","Semibrebe pontuada","Colcheia pontuada","Mínima pontuada","Semínima pontuada","C",""
11,"Qual será o valor de uma mínima pontuada no compasso 9/4?","3/12 avos de tempo","1/3","3/3","3/6 de tempo","C",""
11,"O conceito correto de ""Compassos Alternados"" é:","São formados pela junção de duas ou mais fórmulas de compasso diferentes","São formados pela junção de três ou mais fórmulas de compasso diferentes","São formados pela junção de duas ou mais unidades de tempos diferentes","São formados pela junção de três ou mais unidades de tempos diferentes","A",""
11,"Qual o nome correto da fórmula de compasso 9/8?","Binário Simples","Quaternário Simples","Ternário Composto","Quaternário Composto","C",""
11,"Quando o movimento alternativo de solfejo pode ser usado?","Quando a velocidade da peça musical for muito lenta","Quando o compasso simples estiver com velocidade de 90 bpm","Não há movimentos alternativos de solfejos","Quando a velocidade da peça musical for muito rápida","D",""
11,"Alguns trechos musicais possuem uma velocidade relativamente alta para fazer o movimento subdivido, portanto deve-se utilizar:","Movimentos bisubdivididos","Movimentos alternativos","Movimentos inversos","Nenhuma das alternativas","B",""
11,"O que é acento métrico na música?","A variação da intensidade do som","A acentuação forte ou fraca dos tempos do compasso","A mudança de velocidade no andamento","A articulação das notas em tercinas","B",""
11,"Como o acento métrico se relaciona com as palavras na música?","Ele determina a duração das notas","As sílabas tônicas das palavras geralmente coincidem com os tempos fortes","Ele exige aumento de volume nas sílabas fracas","Ele é independente da poesia","B",""
11,"O acento métrico deve ser executado com aumento de intensidade no tempo forte?","Não, ele é sentido naturalmente sem alterar o volume","Sim, exige um aumento de volume no tempo forte","Sim, mas apenas em compassos compostos","Não, ele só aparece em compassos alternados","A",""
11,"No compasso quaternário simples (4/4), qual é o tempo mais forte?","1º tempo","2º tempo","3º tempo","4º tempo","A",""
11,"Qual é a função da articulação no início de cada compasso nos hinos?","Aumentar o volume das notas","Produzir um acento sutil que indica o acento métrico","Ligar as notas entre compassos","Diminuir a intensidade do som","B",""
11,"Qual número superior na fórmula de compasso indica um compasso simples?","2, 3 ou 4","6, 9 ou 12","5 ou 7","8 ou 10","A",""
11,"No compasso ternário simples (3/4), qual figura representa a unidade de tempo?","Mínima","Semínima","Colcheia","Semibreve","B",""
11,"O que caracteriza um compasso composto?","É aquele em que cada tempo pode ser dividido em dois pulsos iguais (subdivisão binária).","É aquele em que cada tempo pode ser dividido em três pulsos iguais (subdivisão ternária).","Uso de figuras simples como unidade de tempo","Número superior igual a 2 ou 3","B",""
11,"Qual número superior na fórmula de compasso indica um compasso composto?","2, 3 ou 4","6, 9 ou 12","5 ou 7","1 ou 8","B",""
11,"Em andamentos rápidos, como os hinos, como é contada a fórmula 6/8?","Em 6 tempos","Em 2 tempos, agrupando pulsos de três em três","Em 3 tempos","Em 4 tempos","B",""
11,"Qual é a unidade de tempo em um compasso composto como 6/8?","Semínima simples","Colcheia simples","Semínima pontuada","Mínima pontuada","C",""
11,"Como o solfejo de um compasso composto em 4 tempos se compara ao de um compasso simples?","É realizado da mesma forma que o compasso simples em 4 tempos","É mais rápido que o compasso simples","Inclui pausas entre os tempos","Exige movimentos diferentes","A",""
11,"Quais notas circuladas no trecho têm acento métrico forte no compasso?","1, 3 e 6.","1, 3, 5 e 6.","1.","","C",""
11,"O que é um Compasso Simples?","É aquele em que cada tempo pode conter apenas um pulso (subdivisão unitária).","É aquele em que a soma dos tempos deve ser inferior a duas U.T. (subdivisão numérica).","É aquele em que a U.T. da fórmula de compasso pode ser dividida em duas partes iguais (subdivisão binária).","","C",""
11,"Qual a sequência correta do acento métrico no compasso quaternário simples (3/4)?","Forte, meio forte, fraco,","Forte, fraco, fraco","Fraco, meio forte, fraco","forte, forte, fraco","B",""
11,"Qual a sequência correta do acento métrico no compasso quaternário simples (2/2)?","Forte, fraco,","Forte, Forte","Forte, meio forte","Forte, meio fraco","A",""
11,"Como são formados os Compassos Alternados numa composição musical?","São formados por compassos de tonalidades diferentes durante a execução musical.","São formados pela junção de duas ou mais fórmulas de compasso iguais, aplicadas sequencialmente.","São formados pela junção de duas ou mais fórmulas de compasso diferentes, aplicadas alternadamente a cada compasso.","","C",""
11,"No hinário, temos a junção de quantas fórmulas de compasso?","Somente a junção de quatro fórmulas de compasso.","Somente a junção de três fórmulas de compasso.","Somente a junção de duas fórmulas de compasso.","","C",""
11,"Em que lugar da partitura são escritas as fórmulas de compasso para Compassos Alternados?","São escritas somente no início do pentagrama, com a armadura de Clave.","São escritas tanto no início do pentagrama como também ao longo da partitura, à medida que os compassos alternados surgirem.","São escritas somente ao longo da partitura, à medida que os compassos alternados surgirem, além do que não deve estar contida no início do pentagrama.","","B",""
11,"No hinário, como estão escritas as fórmulas de compasso para Compassos Alternados?","Estão escritas somente com a armadura de clave para simplificar a leitura e a regência.","Estão escritas alternadamente em cada compasso para facilitar a leitura e a regência.","Estão escritas somente com a armadura de clave para simplificar o hinário, reduzindo o tamanho da partitura.","","B",""
11,"Como deve ser a velocidade na execução dos hinos com fórmulas de compasso diferentes entre a estrofe e o coro?","O coro deve sempre ser executado mais lento.","O coro deve sempre ser executado mais rápido.","A velocidade permanece igual para a estrofe e o coro, assim como ocorre nos hinos com compassos alternados, com exceção do hino 422, onde há indicações de velocidades distintas.","","C",""
11,"Observando o trecho abaixo temos uma junção de fórmulas de compassos? Quais são?","Não, 4/4 e 3/4","Sim, 4/4 e 3/4","Sim, 4/4 e 2/4","","B",""
11,"Observando o trecho abaixo temos uma junção de fórmulas de compassos, Quais são?. Os compassos se separam em qual divisão?.","9/8 e 6/8, ternário binário e ternário","9/8 e 6/8, ternário ternário e binário","3/8 e 2/8, ternário binário e ternário","","A",""
11,"Além dos compassos alternados, temos hinos com fórmulas de compasso diferentes entre a estrofe e o coro. Qual deles? ""Fazer consulta hinario""","Hino 294","Hino 295","Hino 296","","C",""
11,"No compasso quaternário simples (4/4), qual é o tempo mais FRACO?","1º tempo 3º tempo","2º tempo 4º tempo","1º tempo 2º tempo","2º tempo 3º tempo","B",""
11,"Qual será o valor de uma mínima pontuada no compasso 12/4?","3/12 avos de tempo","1/3","3/3","3/6 de tempo","C",""
11,"Qual será a fórmula de compasso em que a U.T. é a semínima pontuada e o compasso chama-se Ternário Composto?","9/4","9/8","3/4","3/8","B",""
11,"Quantas mínimas pontuadas cabem no compasso ternário composto?","12","9","6","3","D",""
11,"Qual será a fórmula de compasso em que a U.C. é a mínima pontuada e o compasso chama-se Binário Composto?","6/4","6/8","3/4","3/8","B",""
11,"Pensando na semínima, compasso quaternário composto. Qual é a fórmula de compasso?","12/4","4/4","12/2","4/12","A",""
11,"Vendo a fórmula 2/2 qual é a UT? E a UC?","UT = Mínima UC = semibreve","UT = Mínima UC = semibreve pontuada","UT = Semibreve UC = mínima pontuada","UT = Semibreve UC = mínima","A",""
11,"Vendo a fórmula abaixo qual é a FM? Qual é a UT?","FM = Mínima UT = semibreve","FM = Mínima UT = Mínima","UT = colcheia FM = Colcheia","FM = Semínima pontuada UT = semínima pontuada","C",""
11,"Vendo a fórmula abaixo qual é a FM? Qual é a UT? E qual é a UC?","FM = Semínima UT = semínima pontuada UC = semibreve pontuada","FM = Colcheia UT = semínima UC = semibreve","FM = Colcheia UT = semínima pontuada UC = semibreve","FM = Colcheia UT = semínima pontuada UC = semibreve pontuada","D",""
11,"Nesse exercício o ENCARREGADO OU INSTRUTOR escolhe, solfejar, leitura métrica ou leitura rítmica! Compassos alternados 1 342 - Sião celestial 2 346 Longe do mal e perto de Ti 3 415 Na cruz morreu o Cordeiro Compassos diferentes (entre estrofe e coro) 1 94 - Quem sustenta a nossa vida 2 296 - Teu Nome é soberano, Ó Redentor 3 348 Em Cristo espera, sem vacilar 4 350 A jornada farei 5 352 Sinto viva esperança 6 359 - Ó irmãos, de Deus diletos 7 422 Jesus Cristo, fiel Cordeiro","","","","","",""
12,"A síncope causa o efeito de deslocamento da ACENTUAÇÃO MÉTRICA MUSICAL?","Não.","Sim.","","","B",""
12,"A nota sincopada deve ser executada mais forte?","Sim","Não","","","B",""
12,"O que é contratempo?","São notas executadas em tempo forte ou parte fraca do tempo, ficando os tempos fortes ou partes fortes dos tempos preenchidos por pausas.","São notas executadas em tempo forte ou parte forte do tempo, ficando os tempos meio fortes ou partes meio fortes dos tempos preenchidos por pausas.","São notas executadas em tempo fraco ou parte forte do tempo, ficando os tempos fortes ou partes fortes dos tempos preenchidos por pausas.","São notas executadas em tempo fraco ou parte fraca do tempo, ficando os tempos fortes ou partes fortes dos tempos preenchidos por pausas.","D",""
12,"A síncope regular possui figuras com a mesma","Duração.","Prolongação.","Acentuação.","Altura.","A",""
12,"Analisando a figura temos um ocorrência de:","Ligadura","Síncopa","Contratempo","Sinais de alteração","C",""
12,"A nota que é iniciada em tempo fraco ou parte fraca de tempo e estende-se até o tempo forte ou à parte forte do tempo seguinte chama-se:","Quíncope","Síncope","Contratempo","Sinais de abreviação","B",""
12,"Qual das frases abaixo se refere à síncopa?","Som articulado no tempo/parte F e se prolonga sobre o tempo/parte fraca","Som articulado no tempo/parte fraca e se prolonga sobre o tempo/parte F","Notas executadas em tempo/parte fraca e pausas no tempo/parte F","Notas executadas em tempo/parte F e pausas no tempo/parte fraca","B",""
12,"Complete: ""A síncopa regular é formada por notas que têm ____"".","Durações diferentes","Durações nulas","Intensidades iguais ou diferentes","A mesma duração","D",""
12,"A frase ""É formada por notas que têm durações diferentes"" se refere...","À Síncopa regular","Ao contratempo regular","À Síncopa irregular","Ao contratempo super regular","C",""
12,"Para ocorrer a síncopa é necessário a nota iniciar no tempo/parte","Fraca e se prolongar para o tempo/parte Forte","Forte e se prolongar para o tempo/parte fraca","Fraca e o tempo/parte Forte ser preenchido por pausa","Fraca e automaticamente já é uma síncopa","A",""
12,"Quais números correspondem às notas sincopadas corretas?","1, 4, 6, 7, 8 a 10","1 a 3, 5 a 8 e 10","2, 5, 6","Todas as notas circuladas são síncopas","C",""
12,"No trecho abaixo retirado do hino 203 há:","1 síncopa no soprano e contralto","1 síncopa no contralto","Não há síncopas neste hino","1 síncopa no soprano","D",""
12,"A que se refere contratempo?","Notas executadas em tempo/parte F e pausas no tempo/parte fraca","Notas executadas no tempo/parte fraca e pausas no tempo/parte forte","Som articulado no tempo/parte fraca e se prolonga sobre o tempo/parte F","Som articulado no tempo/parte F e se prolonga sobre o tempo/parte fraca","B",""
12,"Como é possível identificar um contratempo irregular?","Quando a pausa e a nota têm durações iguais","Quando as notas têm a mesma duração","Quando a pausa e a nota têm durações diferentes","Quando as notas têm durações nulas","C",""
12,"Quantos contratempos ocorrem no trecho abaixo?","5","6","9","10","A",""
12,"No trecho abaixo retirado do hino 233 ocorrem quantos contratempos?","1","3","4","2","A",""
12,"Pode-se afirmar que a nota sincopada se refere","À nota que ocorre o contratempo","Ao conjunto de notas que ocorre a síncopa","À nota que ocorre a síncopa","Nenhuma das alternativas","C",""
12,"(Na imagem acima) Quantas síncopas e contratempos ocorrem?","2 síncopas e 3 contratempos","3 síncopas e 2 contratempos","3 síncopas e zero contratempos","2 síncopas e 4 contratempos","D",""
12,"Nota-se notas sincopadas:","Nas 4 vozes","Somente na voz do baixo","Somente na voz do tenor","Estão presentes na voz do tenor e baixo","B",""
12,"É possível classificar as síncopas e contratempos como:","O contratempo somente pode ser classificado como regular","Não há síncopas irregulares, somente contratempo","Não existe esse tipo de classificação dentro da teoria aplicada do MSA","Regular e irregular","D",""
12,"Quando ocorre o contratempo numa composição musical?","Ocorre quando ao executá-lo, não condiz com o que foi ensaiado previamente, podendo a execução ser interrompida abruptamente pelos músicos ou pelo regente.","Ocorre quando há notas executadas em tempo forte ou parte forte de um tempo, ficando os tempos fracos ou partes fracas dos tempos preenchidos por pausas.","Ocorre quando há notas executadas em tempo fraco ou parte fraca de um tempo, ficando os tempos fortes ou partes fortes dos tempos preenchidos por pausas.","","C",""
12,"O que é síncopa na música?","Uma pausa no tempo forte","Um som articulado no tempo fraco que se prolonga sobre o tempo forte","Um aumento de intensidade no tempo forte","Uma nota tocada apenas no tempo fraco","B",""
12,"O que acontece com o acento forte em uma síncopa?","Ele é suprimido e não aparece","Ele é reforçado com mais intensidade","Ele é deslocado para o tempo fraco","Ele permanece inalterado","A",""
12,"O que caracteriza uma síncopa regular?","Notas com a mesma duração","Notas com durações diferentes","Pausas iguais às notas","Uso de sinais de acento","A",""
12,"O que caracteriza uma síncopa irregular?","Notas com a mesma duração","Notas com durações diferentes","Pausas no tempo forte","Acentuação constante","B",""
12,"Na interpretação musical geral, o acento métrico exige mudança de intensidade?","Não, a música o faz naturalmente pela dinâmica","Sim, exige aumento no tempo forte","Sim, exige diminuição no tempo fraco","Não, mas exige pausas no tempo forte","A",""
12,"Em quais estilos musicais a síncopa pode receber acentuação maior?","Música popular latina e jazz","Música clássica e hinos sacros","Apenas hinos sacros","Música barroca e renascentista","A",""
12,"Como um compositor indica que quer acentuar uma síncopa?","Aumentando a duração da nota","Colocando um sinal de acento na nota","Diminuindo a intensidade da nota","Usando uma pausa antes da nota","B",""
12,"Acima esta escrito que para realizar esta acentuação diferenciada sobre a síncopa, o compositor pode utilizar-se de um sinal de acento nessa nota (recurso muito presente em diversos métodos de instrumentos), como acontece no exemplo abaixo:","Falso, o compositor não pode descateterizar a sincopa.","Verdadeiro assim, nada impede que a síncopa seja acentuada, se isso for determinado pelo compositor ou for característico do estilo musical da partitura.","","","B",""
12,"Nos hinos sacros, por que não se deve acentuar a síncopa?","Descaracteriza o estilo musical e a poesia","Porque não há síncopas nos hinos","Porque exige aumento de volume","Porque altera o tempo forte","A",""
12,"No hino 261, como NÃO se deve cantar ou tocar?","""Vi-vo por Cris-to, o bom Sal-va-dor""","""Vi-VÔ por Cris-TÔ, o bom SAL-va-dor""","Com dinâmica natural","Sem alteração de intensidade","B",""
12,"O que acontece se mantivermos a mesma dinâmica nas notas sincopadas dos hinos?","O acento métrico da síncopa é naturalmente sentido","O tempo forte fica mais evidente","A síncopa perde seu efeito","O tempo fraco é reforçado","A",""
12,"A imagem abaixo se trata de uma Síncopa:","Síncopa regular","Síncopa irregular","","","A",""
12,"O que é contratempo na música?","Um som que se prolonga sobre o tempo forte","Notas executadas no tempo fraco com pausas no tempo forte","Uma nota acentuada no tempo forte","Uma pausa prolongada no tempo fraco","B",""
12,"O que caracteriza um contratempo regular?","Pausa e nota com a mesma duração","Pausa e nota com durações diferentes","Notas sem pausas associadas","Acentuação no tempo fraco","A",""
12,"O que caracteriza um contratempo irregular?","Pausa e nota com a mesma duração","Pausa e nota com durações diferentes","Notas sem pausas","Uso de sinais de acento","B",""
12,"Qual hino é citado como exemplo de contratempo no MSA?","Hino 261","Hino 111","Hino 303","Hino 112","C",""
12,"Nos hinos, o que deve ser evitado ao interpretar uma síncopa?","Reduzir o som da nota sincopada para destacar o tempo fraco","Manter a dinâmica natural","Tocar com a mesma intensidade","Evitar pausas no tempo forte","A",""
12,"De que modo os hinos sincopados devem ser interpretados?","Os hinos sincopados devem ser tocados com uma acentuação forte sobre a síncopa, mantendo o acento métrico.","Os hinos sincopados não devem ser tocados com uma acentuação forte sobre a síncopa.","Os hinos sincopados podem ser tocados de acordo com a interpretação particular de cada músico, desconsiderando a poesia e o estilo sacro da nossa música.","","B",""
12,"A imagem abaixo se trata de uma Síncopa:","Síncopa regular","Síncopa irregular","","","B",""
12,"Recapitulando com esta lição! O instrutor ou encarregado a frente faz a leitura, ensinando e mostrando na figura abaixo. Neste coro, não se deve cantar ou tocar ""To-DA a gló-RIA .. To-DA a hon-RA"", porque essa acentuação não faz parte do nosso estilo musical. Da mesma forma, não se deve reduzir o som sobre a nota sincopada para mostrar que ela está na parte fraca do tempo, cantando ou tocando ""To-da a gló-ria.. To-da a hon-ra"". Não há necessidade. Mantendo-se a dinâmica nessas notas, o acento métrico da síncopa será naturalmente sentido.","","","","","",""
12,"Recordando sobre contratempo O Contratempo ocorre quando há notas executadas em tempo fraco ou parte fraca de um tempo, ficando os tempos Fortes ou partes Fortes dos tempos preenchidos por pausas. O contratempo é regular quando a pausa e a nota têm a mesma duração, e é irregular quando a pausa e a nota têm durações diferentes. Exemplos nos nossos hinos:","","","","","",""
13,"Analisando a imagem podemos classificar o ritmo inicial como:","Tético","Anacrúsico","Pós-tético","Acéfalo","B",""
13,"Os ritmos iniciais aplicam-se às","Partes meio fortes e fracas da subdivisão.","Frases e semifrases.","Poesias e versos.","Figuras e semifrases.","B",""
13,"O que são ritmos iniciais?","É a ordenação dos sons musicais de modo que o acento tônico na 3ª sílaba do verso coincida com o tempo forte do compasso","É a ordenação dos sons musicais de modo que o acento tônico na 2ª sílaba do verso coincida com o tempo forte do compasso","É a ordenação dos sons musicais de modo que o acento tônico na 1ª sílaba do verso coincida com o tempo forte do compasso","","C",""
13,"O ritmo TÉTICO inicia-se no tempo_","Fraco do compasso.","Final do compasso.","Forte do compasso.","Subdividido.","C",""
13,"O rítmo anacrúsico ocorre em compasso:","Completo.","Incompleto.","Composto.","Simples.","B",""
13,"O rítmo tético inicia-se em compasso:","Completo.","Incompleto.","Composto.","Simples.","A",""
13,"O rítmo acéfalo inicia-se em compasso:","Completo.","Incompleto","Completo com pausa escrita ou incompleto sem a pausa escrita","Simples ou composto","C",""
13,"Analisando a imagem podemos classificar o ritmo inicial como:","Tético","Anacrúsico","Pós-tético","Acéfalo","D",""
13,"Analisando a imagem podemos classificar o ritmo inicial como:","Tético","Anacrúsico","Pós-tético","Acéfalo","B",""
13,"Complete: Os ritmos ____ se localizam apenas no ____ da partitura musical","Iniciais, fim","Finais, início","Iniciais, início","Finais, meio","C",""
13,"Qual ritmo inicial se refere quando as notas abrangem mais da metade do COMPASSO?","Tético","Anacrúsico","Acéfalo","","C",""
13,"Maria determinou que o ritmo inicial do trecho abaixo é anacrúsico. A afirmação dela está:","Incorreta, pois é acéfalo (abrangem mais da metade do compasso)","Correta, pois o anacrúsico preenche a metade ou do compasso","Nenhuma das alternativas está correta","","A",""
13,"Sobre o ritmo inicial anacrúsico:","As figuras passam da metade do compasso","As figuras preenchem o compasso completo","O ritmo anacrúsico é considerado final e não inicial","As figuras preenchem até a metade do compasso","D",""
13,"O hino 208 abaixo possui ritmo inicial:","Acéfalo, pois as figuras preenchem 3 tempos","Anacrúsico, pois as figuras preenchem 2 tempos","Acéfalo, pois as figuras preenchem 1 tempo e 1/2","Anacrúsico, pois as figuras preenchem 1 tempo","C",""
13,"É correto afirmar que o ritmo inicial abaixo é tético?","Não, pois as figuras abrangem até a metade do compasso (anacrúsico)","Não, pois se inicia por um contratempo (acéfalo)","Sim, pois o compasso está completo","Nenhuma das alternativas estão corretas","B",""
13,"O que é ritmo anacruse?","é o ritmo que começa na última nota do compasso final","é o ritmo que se inicia com som no primeiro tempo do primeiro compasso,","é quando A primeira nota musical se localiza no tempo forte do primeiro compasso.","É o ritmo em que as notas iniciais (anacruses) precedem o primeiro compasso.","D",""
13,"Um estudante determinou que o ritmo inicial do hino 42 é acéfalo. A afirmação está:","Incorreta, pois é anacrúsico","Incorreta, pois é tético","Correta, pois se inicia por um contratempo (pausa subtendida)","Correta, pois as notas abrangem até a metade do compasso","A",""
13,"Complete: O ritmo ____ se inicia com som no ____ tempo do 1º compasso.","Tético e 2º","Acéfalo e 4º","Tético e 1º","Anacrúsico e 0º","C",""
13,"Se um contratempo estiver no meio de um hino, ele também pode ser chamado de ritmo acéfalo?","Sim, pois é o caso do hino 303 que o contratempo está no meio do hino","Sim, pois o ritmo inicial pode ser no início ou meio do hino","Não, pois os ritmos iniciais se referem ao final (último compasso) de um hino","Não, pois os ritmos iniciais se referem ao início do hino","D",""
13,"Por que o ritmo inicial do trecho abaixo é tético?","Pois o som se inicia no 1º tempo do 1º compasso","Pois o compasso está completo","Pois a soma das figuras resultam em 3 tempos","Todas as afirmações estão corretas","D",""
13,"É possível afirmar que o hino 408 possui ritmo inicial","Anacrúsico","Tético","Acéfalo","Nulo","A",""
13,"É correto afirmar que o hino 310 possui ritmo inicial anacrúsico?","Não, pois é acéfalo (mais da metade do compasso)","Nenhuma das alternativas está correta","Sim, pois as figuras preenchem até a metade do compasso","Não, pois é tético, o compasso (está completo)","D",""
13,"O ritmo inicial do hino 434 abaixo é acéfalo, sim? Ou não?","Sim, as notas preenchem + da metade do compasso","Sim, as notas preenchem até a metade do compasso","Não, as notas preenchem + da metade do compasso","Não, as notas preenchem quase até a metade do compasso","D",""
13,"Qual é o ritmo inicial do seguinte trecho? 67 ""Vinde a Mim!""","Tético.","Anacrúsico.","Acéfalo.","","B",""
13,"Qual é o ritmo inicial do seguinte trecho? 41 O teu coração vem a Cristo entregar","Tético.","Anacrúsico.","Acéfalo.","","B",""
13,"Quais são os tipos de ritmos iniciais mencionados no documento?","Tético, anacrúsico e acéfalo","Tetico, sincopado e contratempo","Anacrúsico, acéfalo e binário","Tético, ternário e quaternário","A",""
13,"Onde os ritmos iniciais estão localizados na partitura musical?","Em qualquer parte da música","Apenas no início da partitura","No meio e no final da música","Apenas no último compasso","B",""
13,"O que caracteriza o ritmo tético?","Início com som no primeiro tempo do primeiro compasso","Notas que precedem o primeiro compasso","Pausa no início do primeiro compasso","Ajuste no último compasso","A",""
13,"Qual hino é citado como exemplo de ritmo tético?","Hino 1","Hino 39","Hino 208","Hino 362","A",""
13,"O que caracteriza ritmo anacrúsico?","Um ritmo iniciado por pausa","As notas iniciais que abrangem até a metade de um compasso","Um som no tempo forte do primeiro compasso","Um ajuste no último compasso","B",""
13,"Qual é o ritmo inicial do seguinte trecho? 25 Um grande bem, precioso bem","Tético.","Anacrúsico.","Acéfalo.","","B",""
13,"Por que não são grafadas pausas antes da anacruse?","Porque elas pertencem ao primeiro compasso","Porque a anacruse é considerada parte do ""compasso zero""","Porque o ritmo é acéfalo","Porque o compasso é incompleto","B",""
13,"Qual é o limite do ritmo anacrúsico em um compasso ternário?","Até um terço do compasso","Até dois terços do compasso","Todo o compasso","Metade do compasso","B",""
13,"Em um compasso binário, qual é o limite do ritmo anacrúsico?","Até a metade do compasso","Até dois terços do compasso","Todo o compasso","Um terço do compasso","A",""
13,"Como o ritmo anacrúsico pode ser ajustado na partitura?","O último compasso é escrito incompleto para completar a anacruse","O primeiro compasso é ajustado com pausas","A anacruse é eliminada no final","O compasso inicial é dobrado","A",""
13,"Qual hino exemplifica o ajuste do ritmo anacrúsico no último compasso?","Hino 39","Hino 1","Hino 362","Hino 208","A",""
13,"O ajuste do ritmo anacrúsico no último compasso é obrigatório?","Não, é comum mas não obrigatório","Sim, é sempre necessário","Sim, mas apenas em hinos","Não, nunca é feito","A",""
13,"Qual hino é citado como exemplo de anacruse sem ajuste no último compasso?","Hino 39","Hino 208","Hino 362","Hino 1","C",""
13,"O que caracteriza o ritmo acéfalo?","Início do primeiro compasso com pausa (escrita ou não)","Notas que precedem o primeiro compasso","Som no tempo forte do primeiro compasso","Ajuste no último compasso","A",""
13,"Quantos hinos acéfalos estão presentes no hinário mencionado?","Um","Dois","Três","Nenhum","B",""
13,"Quais hinos são exemplos de ritmo acéfalo?","Hino 1 e Hino 39","Hino 362 e Hino 303","Hino 208 e Hino 377","Hino 39 e Hino 362","C",""
13,"A não ser no início, podemos encontrar ritmos téticos, anacrúsicos e acéfalos ao longo dos nossos hinos?","Sim, todas as frases e semifrases têm seus ritmos iniciais.","Sim, sempre aparecem nos compassos após as respirações.","Não, no meio dos hinos podem haver contratempos, mas não ritmos iniciais.","","C",""
13,"Qual é o ritmo inicial do seguinte trecho?","Tético.","Anacrúsico.","Acéfalo.","","B",""
13,"Qual é o ritmo inicial do seguinte trecho?","Tético.","Anacrúsico.","Acéfalo.","","C",""
13,"Qual é o ritmo inicial do seguinte trecho?","Tético.","Anacrúsico.","Acéfalo.","","A",""
13,"Qual é o ritmo inicial do seguinte trecho?","Tético.","Anacrúsico.","Acéfalo.","","B",""
13,"Qual é o ritmo inicial do seguinte trecho? 31 Forte Rocha","Tético.","Anacrúsico.","Acéfalo.","","A",""
13,"Analisando a imagem podemos classificar o ritmo inicial como: 433 Na santa escola","Tético","Anacrúsico","Pós-tético","Acéfalo","B",""
13,"Analisando a imagem podemos classificar o ritmo inicial como: 467 Vamos com Jesus","Tético","Anacrúsico","Pós-tético","Acéfalo","B",""
13,"Analisando a imagem podemos classificar o ritmo inicial como:","Tético","Anacrúsico","Pós-tético","Acéfalo","D",""
13,"Analisando a imagem podemos classificar o ritmo inicial como: 47 Sublime é o perdão!","Tético","Anacrúsico","Pós-tético","Acéfalo","B",""
13,"Analisando a imagem podemos classificar o ritmo inicial como: 375 ""A paz Eu vos deixo""","Tético","Anacrúsico","Pós-tético","Acéfalo","B",""
13,"Analisando a imagem podemos classificar o ritmo inicial como:","Tético","Anacrúsico","Pós-tético","Acéfalo","D",""
14,"De acordo a imagem abaixo e responda às questões: 1, 2, 3, 4 e 5 É correto afirmar que a colcheia pontuada e semicolcheia no compasso 3/4 são executadas da mesma maneira que se estivessem em um 9/8? = 8 98","Não, pois a velocidade da subdivisão em semicolcheias é diferente nos compassos","Não, pois a expressão deve ser diferente no compasso simples e composto","Sim, são idênticas então têm a mesma métrica de execução","Nenhuma das alternativas","A",""
14,"Qual é o valor da colcheia pontuada e semicolcheia no compasso 3/4, respectivamente?","3/4 e 1/4 de tempo","1/2 e 1/4 de tempo","1/3 e 1/6 de tempo","3/8 e 1/6 de tempo","A",""
14,"Qual é o valor da colcheia pontuada e semicolcheia no compasso 9/8?","1/3 e 1/6 de tempo","2/3 e 1/3 3de tempo","3/6 e 1/6 de tempo","1 de tempo e 1/3","C",""
14,"No compasso 3/4 a colcheia pontuada e semicolcheia preenchem juntas:","1 tempo","1 tempo e 1/2","3/4 de tempo","1 tempo e 1/4","A",""
14,"No compasso 9/8 a colcheia pontuada e semicolcheia preenchem juntas","1 movimento ou pulso (1/3)","2 movimentos ou pulsos (2/3)","1/6 de tempo","1 tempo e 1/4","B",""
14,"Qual será o valor da semicolcheia nesta fórmula compasso?","1/3 de tempo","2/3 de tempo","1/12 avos de tempo","1/6 de tempo","D",""
14,"Quantos movimentos ou pulsos ocupam a colcheia pontuada + semicolcheia?","3 movimentos","2 movimentos","4 movimentos","5 movimentos","B",""
14,"Podemos dizer que a colcheia pontuada é equivalente à","3 semicolcheias","2 semicolcheias","2 colcheias","4 fusas","A",""
14,"Por que é importante um músico seguir a figuração correta de um hino/lição?","Porque senão o hino ou a lição ficará errada","Porque ficará com execução diferente na prática","Porque a proporção das figuras soará equivocada à escrita","Todas as alternativas estão corretas","D",""
14,"Complete: A métrica musical, no que se refere à ___*, deve ser sempre ____ entre as figuras,","Proporção, respeitada","Proporção, criada","Figuração, elaborada","Figuração, verificada","A",""
14,"As 2 colcheias dentro de um compasso 4/4 se referem à:","Bi-subdivisão dos tempos do compasso","Divisão dos tempos do compasso","Nenhuma das alternativas","Subdivisão dos tempos dos compasso","D",""
14,"As 4 semicolcheias dentro de um compasso 4/4 se referem à","Subdivisão dos tempos do compasso","Bi-subdivisão dos tempos do compasso","Divisão dos tempos do compasso","Nenhuma das alternativas","B",""
14,"É correto afirmar que uma colcheia com ponto duplo terá o mesmo valor que uma semínima no compasso 4/4?","Não, pois a semínima vale mais que a colcheia com ponto duplo","Não, pois a semínima vale 1 tempo e a colcheia com ponto duplo vale 3/4","Sim, pois a semínima vale menos que a colcheia com ponto duplo","Sim, pois a semínima vale 1 tempo e a colcheia com ponto duplo vale 1 e 3/4","A",""
14,"Quantos movimentos ocupam a colcheia pontuada na fórmula de compasso 6/8?","3/6 de tempo","2 movimentos","5/6 de tempo","1 tempo e 1/4","A",""
14,"Qual alternativa abaixo tem a mesma execução que o compasso a seguir?","(A)","(B)","(C)","Nenhuma das alternativas acima","C",""
14,"Podemos afirmar que a execução de uma semicolcheia no compasso 2/4 é a mesma de um 6/8?","Não, pois a semicolcheia no 2/4 vale 1/4 e no 6/8 vale 1% de tempo","Não, pois a semicolcheia no 2/4 vale 1/2 e no 6/8 vale 1/3 de tempo","Não, pois a semicolcheia vale mais tempo no compasso composto do que o simples","Não, pois a semicolcheia vale menos no compasso simples do que o composto","A",""
14,"Podemos afirmar que a execução de uma semicolcheia no compasso 2/4 é a mesma de um 6/8?","Não, pois a semicolcheia no 2/4 vale 1/2 e no 6/8 vale 1/3 de tempo","Não, pois a semicolcheia no 2/4 vale 1/4 e no 6/8 vale 1% de tempo","Não, pois a semicolcheia vale mais tempo no compasso composto do que o simples","Não, pois a semicolcheia vale menos no compasso simples do que o composto","B",""
14,"Por que é importante respeitar a métrica musical nas figuras rítmicas?","Para aumentar a velocidade da música","Para simplificar a leitura da partitura","Para alterar a dinâmica das notas","Para evitar erros de execução","D",""
14,"Qual combinação de notas exige atenção especial na métrica?","Semínima seguida de colcheia","Colcheia pontuada seguida de semicolcheia","Colcheia seguida de semínima","Semicolcheia seguida de fusa","B",""
14,"O que é necessário compreender para executar corretamente a colcheia pontuada com semicolcheia?","A intensidade das notas","A subdivisão das notas","O uso de pausas","A duração total do compasso","B",""
14,"Como a colcheia pontuada seguida de semicolcheia pode ser bi-subdividida corretamente?","Soando exatamente igual à forma original","Transformando-a em uma tercina","Diminuindo o valor da colcheia","Aumentando o valor da semicolcheia","A",""
14,"Qual erro comum pode ocorrer na execução da semicolcheia após a colcheia pontuada?","Diminuir seu valor, soando como colcheia","Aumentar seu valor, soando como tercina","Tocar com mais intensidade","Ignorar a pontuação da colcheia","B",""
14,"Qual outro erro pode ocorrer na execução da semicolcheia após a colcheia pontuada?","Aumentar seu valor, soando como colcheia","Tocar sem subdivisão","Aumentar a duração da colcheia","Diminuir seu valor, soando como fusa","D",""
14,"O que pode levar a uma execução métrica equivocada de figuras idênticas?","Diferença na velocidade da subdivisão","Diferença na duração das notas","Diferença na intensidade das notas","Diferença no tipo de compasso","A",""
14,"Quais hinos são usados como exemplos de colcheia pontuada seguida de semicolcheia? ""CONSULTA HINÁRIO”","Hino 19 e Hino 108","Hino 19 e Hino 118","","","B",""
14,"Qual é a velocidade média do Hino 19 mencionada no texto? ""CONSULTA HINÁRIO""","= 72",". = 108","J = 286","J = 216","A",""
14,"Qual é a velocidade média do Hino 118 mencionada no texto? ""CONSULTA HINÁRIO""","J = 72","* = 108",". = 288","J = 63","B",""
14,"Qual erro ocorre ao tocar o Hino 118 como se fosse o Hino 19? ""CONSULTA HINÁRIO""","A semicolcheia soa como fusa","A colcheia soa como semínima","A semicolcheia soa como tercina","A colcheia perde a pontuação","A",""
14,"O que o músico deve observar para evitar erros nas notas pontuadas?","A proporção correta de acordo com a velocidade da subdivisão","A duração fixa das notas sem considerar a velocidade","A intensidade das notas no compasso","A grafia diferente das figuras musicais","A",""
14,"Analise os trechos a seguir e responda: É correto afirmar que a colcheia pontuada e a semicolcheia no compasso 4/4 são executadas da mesma maneira, no compasso 6/8?","Sim, são idênticas, então têm a mesma métrica de execução.","Não, pois a expressão deve ser diferente no compasso simples e composto.","Não, pois a velocidade da subdivisão em semicolcheias é diferente nos 2 compassos.","","C",""
14,"Qual é, respectivamente o valor da colcheia pontuada e da semicolcheia no compasso 4/4?","3/4 e 1/4 de tempo.","1/2 e 1/4 de tempo.","3/4 e 1/2 de tempo.","","A",""
14,"Continue analisando os trechos a seguir e responda: Qual é respectivamente, o valor da colcheia pontuada e da semicolcheia, no compasso 6/8?","2/3 e 1/3 de tempo.","1/3 e 1/6 de tempo.","3/6 e 1/6 de tempo.","","C",""
14,"No compasso 4/4, a colcheia pontuada e a semicolcheia preenchem juntas:","3/4 de tempo.","1 tempo.","1 tempo e 1/2.","","B",""
14,"Continue analisando o trecho a seguir e responda: No compasso 6/8 a colcheia pontuada e a semicolcheia preenchem, juntas:","1 movimento (1/8).","2 movimentos (2/3).","1 tempo e 1/2.","","B",""
14,"Leia o compasso a seguir: Assinale a alternativa que contenha a sugestão de uma execução idêntica:","(A)","(B)","(C)","","C",""
14,"Analise o trecho a seguir e responda: Qual é o valor da semicolcheia, nesta fórmula de compasso?","1/6 de tempo.","1/3 de tempo.","2/3 de tempo.","","A",""
14,"Quantos movimentos ocupam 3 colcheias juntas?","4 movimentos.","3 movimentos.","2 movimentos.","","B",""
14,"Continue analisando o trecho a seguir e responda: Podemos dizer que a colcheia pontuada é equivalente à:","2 semicolcheias.","3 semicolcheias.","6 semicolcheias.","","B",""
14,"Duas colcheias dentro de um compasso 4/4 referem-se à:","Divisão dos tempos do compasso.","Subdivisão de um tempo do compasso.","Bi-subdivisão dos tempos do compasso.","","B",""
14,"Quatro semicolcheias dentro de um compasso 4 referem-se à:","Divisão dos tempos do compasso.","Subdivisão dos tempos do compasso.","Bi-subdivisão de um tempo do compasso.","","C",""
14,"Vamos agora praticar alguns exercícios na pratica: Faça leitura métrica ou solfejo dos hinos 19 e 118 e perceba a velocidade da subdivisão de cada hino, fique atento para a proporção CORRETA, das notas pontuadas, de acordo com a velocidade da subdivisão. O instrutor ou encarregado fica a vontade para passar mais HINOS que tenham colcheia pontuada, diferenciando ao aluno o compasso simples de um compasso composto.","","","","","",""
15,"A imagem indica: = 100","100 semínimas por segundo","100 semínimas por minuto","100 mínimas por minuto","100 colcheias por minuto","B",""
15,"È a velocidade que se emprega na música e regula a duração dos sons.","Andamento","Contraponto","Ritmo","Tempo","A",""
15,"Consideram-se três tipos de andamentos, são eles:","Lentos, moderados e rápidos.","Lentos, médios e rápidos.","Devagar, andante e rápido.","Musical, piano e forte.","A",""
15,"A indicação de velocidade colocada no início da peça musical"" refere-se:","Às Agógicas","Ao andamento","Ao ritmo","À percepção rítmica","B",""
15,"Em nosso hinário pode-se encontrar:","1 Tipo de andamento","2 Tipos de andamentos","3 Tipos de andamentos","Não há classificação de andamentos no hinário","C",""
15,"As palavras ""allegro, andante e adagio"" são usadas nos métodos:","Para indicar o estilo da obra musical","Para indicar o tom da maior ou menor do trecho musical","Resumem o contexto da obra musical em 1 palavra","Para indicar o andamento da obra musical","D",""
15,"Ao comparar o andamento Adagio e Andante sabemos que:","O andamento Andante é mais rápido que o Adágio","O andamento Adagio é mais rápido que o Andante","Um trecho em Adagio é uma obra musical muito rápida","O andamento Andante é mais rápido que o Adagio e estão presentes nos hinos","A",""
15,"A agógica é a variação do andamento. Em nosso hinário pode-se encontrar o ____ que é um tipo de agógica.","Ritenuto","Accelerando","Poco rallentando","A tempo","C",""
15,"Quando vemos a aparição do ""poco rall."" em um hino devemos iniciar automaticamente:","Uma pequena redução gradativa da altura do som","Uma pequena redução gradativa do andamento","Uma pequena redução gradativa da intensidade do som","Uma pequena redução gradativa da dinâmica","B",""
15,"De acordo com o trecho abaixo retirado do Hino 15 responda às questões: (108-132 bpm) É correto a orquestra tocar esse hino com a velocidade de 100 bpm?","Sim, pois o andamento é somente uma indicação","Sim, devemos tocar lentamente para que a irmandade acompanhe na hora de cantar","Não, pois está acima da velocidade máxima indicada","Não, pois está abaixo da velocidade mínima indicada","D",""
15,"Uma organista pode executar o hino abaixo da velocidade mínima 108 bpm?","Sim, pois o andamento é somente uma indicação","Sim, pois é a organista que dita o andamento do hino e não a indicação metronômica","Em regra não, mas durante a ""meia-hora"" é permitido","Não, pois está acima da velocidade máxima indicada","C",""
15,"Quando os músicos devem iniciar a execução do ""poco rall.""?","Quando começa a palavra ""poco rall"", isto é, na nota ""fa/re""","No início do compasso que está escrito ""poco rall""","No início do sistema que está escrito ""poco rall""","Na última nota devemos reduzir o andamento gradativamente","A",""
15,"A agógica ""poco rall."" deve ser executada:","Somente pela voz do soprano que está a palavra","Somente pela voz do contralto","Somente quando o encarregado de orquestra fazer o gesto","Por todas as vozes","D",""
15,"A partir de qual figura se inicia o ""poco rall.""?","A primeira colcheia do compasso escrito ""poco rall""","A segunda colcheia do compasso escrito ""poco rall""","A terceira colcheia do compasso escrito ""poco rall""","Na semínima pontuada no início do compasso","B",""
15,"Na nota musical ""mi"" (soprano), último compasso do hino, devemos:","Manter o andamento do poco rall","Voltar ao andamento inicial do hino","Voltar ao andamento mínimo do hino","Aumentar gradualmente o andamento","A",""
15,"A ""poco rall."" deve ser executado:","Somente pelas organistas","Por todos instrumentos da orquestra","Somente instrumentos que fazem as vozes do soprano","Não deve ser feita durante o culto, somente nos ensaios","B",""
15,"Quando os músicos devem executar o ""poco rall""?","No último compasso de hinos tristes","Somente no final dos hinos de funerais","Não se deve executar quando tiver poucos músicos","Quando houver a indicação ""poco rall""","D",""
15,"Como sabemos o andamento de um hino?","A partir da indicação metronômica","A partir da palavra em italiano escrita acima da clave","A partir da fórmula de compasso","Não há classificação de andamentos no hinário","A",""
15,"O que é o andamento na música?","A duração total das figuras musicais","A indicação de velocidade no início da peça musical","A intensidade das notas na partitura","A pausa indicada no final do trecho","B",""
15,"Como o andamento pode ser indicado em uma partitura?","Por expressões em italiano ou marcações de velocidade","Apenas por marcações de dinâmica","Por símbolos de pausa","Apenas no final da música","A",""
15,"Qual é a recomendação para o andamento dos hinos?","Ficar na média entre as velocidades mínima e máxima","Sempre usar a velocidade mínima","Sempre usar a velocidade máxima","Ignorar as marcações de velocidade","A",""
15,"Qual é a faixa de velocidade do Hino 2 ""CONSULTA HINARIO""","J = 108 - 136","J = 56 - 66","J = 72 - 120","J = 60 - 80","D",""
15,"Qual é a velocidade média recomendada para o Hino 2? ""CONSULTA HINÁRIO""","= 60","J = 70","= 80","J = 72","B",""
15,"O que deve ser mantido independentemente do andamento escolhido?","A proporção entre os valores das figuras musicais com precisão","A duração fixa de todas as notas","A velocidade constante sem variação","A intensidade das figuras longas","A",""
15,"Por que o andamento pode variar durante o culto?","Pelo tipo de serviço ou momento do culto","Pela duração total do hino","Pelo número de músicos presentes","Pela clave usada na partitura","A",""
15,"Qual é a função do intérprete em relação ao andamento?","Escolher um andamento de sua preferência","Ignorar a introdução da organista","Buscar a unidade do conjunto musical em razão do momento e tipo do santo serviço","Alterar a velocidade a cada compasso","C",""
15,"O que indica a expressão ""poco rallentando"" nos hinos?","Uma aceleração abrupta do andamento","Uma pequena redução gradativa na velocidade","Uma pausa total no trecho","Um prolongamento fixo das notas","B",""
15,"Em qual hino aparece a indicação ""poco rall."" no último compasso? ""CONSULTA HINÁRIO”","Hino 15","Hino 1","Hino 2","Hino 108","A",""
15,"Quantas notas do Hino 15 são afetadas pelo ""poco rallentando""? ""CONSULTA HINÁRIO""","Duas notas","Quatro notas","Uma nota","Três notas","D",""
15,"Qual é a diferença entre ""poco rallentando"" e ""ritenuto""?","Poco rallentando é gradativo, ritenuto é abrupto","Poco rallentando é abrupto, ritenuto é gradativo","Ambos são abruptos","Ambos são gradativos","A",""
15,"Qual é um exemplo de redução gradativa no Hino 15?","De J = 120 para J = 102, depois J = 72","De J = 120 para 60 de uma vez","De J = 108 para J = 136","De J = 72 para J = 120","A",""
15,"Onde pode ocorrer uma modificação indevida de andamento no Hino 1?","No início do hino","Na frase final, após a fermata","No meio do compasso inicial","Antes da fermata","B",""
15,"Qual é a velocidade média do Hino 1 mencionada no texto? ""CONSULTA HINÁRIO""","= 56","J = 66","J = 72","J = 60","D",""
15,"As expressões em italiano alegro, andante e adagio"" são usadas nos métodos e peças musicais para:","Indicar o estilo da obra musical.","Indicar o tom maior ou menor do trecho musical.","Indicar o andamento da obra ou do trecho musical.","","C",""
15,"O intérprete, ao executar os hinos deve:","Respeitar a proporção entre os valores das figuras, qualquer que seja o andamento executado entre as velocidades mínima e máxima sugeridas.","Ficar sempre atento ao andamento durante o culto, considerando possíveis variações para mais ou para menos em razão do tipo do santo serviço (reunião da mocidade, batismo, santa ceia ou culto) e do momento do culto (silêncio, abertura, oração, palavra, encerramento ou despedida).","Observar e replicar o andamento da introdução, que se espera seja executada dentro dos limites da velocidade mínima e máxima, que é a base da velocidade a ser desenvolvida pela orquestra.","Estar sempre atento para não soar num andamento diferente do indicado, como também do que está sendo executado pelo conjunto musical.","E",""
15,"Qual é a única expressão abaixo que é utilizada nos hinos para modificação de andamento?","Ritenuto.","Accelerando.","Poco rallentando.","","C",""
15,"Quando vemos a indicação do poco rall. em um hino, devemos iniciar automaticamente uma:","Redução abrupta do andamento.","Redução gradativa do andamento.","Redução gradativa do andamento e da intensidade do som.","","B",""
15,"Com a análise do trecho acima, a indicação ( c= 108 - 132 ) que aparece no hino, representa:","o limite mínimo e máximo da velocidade a ser empregada no hino: inicia-se a execução a 108 bpm, e finaliza-se a 132 bpm.","as velocidades mínima e máxima sugeridas, contudo, fica a critério do intérprete seguir ou não esta indicação para a execução nos santos cultos, conforme sua preferência.","as velocidades mínima e máxima, determinando os limites dentro dos quais o hino deve ser entoado, sendo recomendável que o andamento fique na média das velocidades possíveis.","","C",""
15,"Com a análise do trecho acima, convém a organista executar o hino com a colcheia abaixo de 108 bpm?","Sim, pois o andamento é somente uma sugestão.","Sim, pois é a organista que dita o andamento do hino e não a indicação metronômica.","Em regra não, com exceção da meia hora que poderá ser abaixo, porém próxima à velocidade mínima indicada.","","C",""
15,"Com a análise do trecho acima, quando os músicos devem iniciar a execução do poco rall.?","No início do sistema que está escrito poco rall..","No início do compasso que está escrito poco rall..","Quando começa a expressão poco rall., no acorde ""fa -si-ré-fa "", que na 1ª estrofe corresponde à sílaba ""da"" da palavra ""vida""","","C",""
15,"De que maneira podemos evitar modificações indevidas de andamento?","Aplicando o poco rallentando após fermatas ou finais de estrofes, de modo padronizado.","Observar o modo como é cantado o hino, adequando, ao canto, a execução e andamento.","Executar atentamente a peça musical, evitando alterações indevidas no andamento sem a indicação de expressões ou sinais musicais.","","C",""
15,"Com a análise do trecho acima, de que modo deve ser executado o trecho logo após a fermata?","Sugere-se aplicar o poco rallentando para dar mais ênfase ao final da estrofe.","Como não há qualquer indicação de modificação de andamento, a interpretação é livre.","Como não há qualquer indicação de modificação de andamento, deve-se retomar o trecho na mesma velocidade utilizada antes da fermata, de maneira precisa e proporção correta entre as figuras.","","C",""
15,"É correto afirmar que:","Nosso hinário possui 189 hinos com andamento em adagio","Nosso hinário não possui hinos com andamento em adagio","Nosso hinário possui 89 hinos com andamento em adagio","","A",""
15,"Qual é a ordem correta dos andamentos do mais lento para o mais rápido?","Lento, largo, adagio, andante, moderato, allegro.","Largo, lento, adagio, andante, moderato, allegro.","Allegro, lento, largo, adagio, andante, moderato.","Moderato, lento, largo, adagio, andante, allegro.","B",""
15,"Complete: Qual resposta se encaixa no trecho abaixo? Largo varia de 40 a 60 bpm Lento de 60 a 66 bpm Adagio de 66 a ____ bpm","56","76","57","58","B",""
15,"O segundo andamento no nosso hinário que mais aparece totalizando 127 hinos é o?","Andante","moderato","Allegro","Largo","A",""
15,"Complete: Qual resposta se encaixa no trecho abaixo? Andante varia de 76 a 108 bpm Moderato de 108 a 120 bpm Allegro de 120 a ____ bpm","50","108","168","110","C",""
15,"O andamento do nosso hinário, com velocidade rápida que mais aparece totalizando 63 hinos é o?","Andante","moderato","Largo","Allegro","D",""
15,"Os dois andamentos mais lentos, que menos aparece no nosso hinário são?","Não temos andamentos lentos","Lento 26 hinos, Largo 30 hinos.","Moderato 51 hinos, allegro 63 hinos,","Adagio 189 hinos, andante 127 hinos,","B",""
15,"Consideram-se três tipos de andamentos no hinário 5: 75% dos nossos hinos têm andamento moderado (Adagio, Andante e Moderato). 11% têm andamento lento (Largo e Lento). 13% têm andamento ligeiro (Allegro).","O texto acima está correto","O Texto acima não tem fundamento","","","A",""
15,"Para fixação do conteúdo exposto nesta faze, estude os seguintes hinos, como exercícios complementares considerando o Poco rall: 15 Ó alma que choras 157 Ouve a voz que te convida... 378 Grandioso é Tu","","","","","",""
16,"O conceito ""É uma unidade musical com sentido de conclusão"" refere-se:","À semifrase","Ao fraseado","Ao ciclo das quintas","À frase","D",""
16,"Quando falamos em ""frasear"" significa que:","Devemos evidenciar pela subdivisão o início e o fim de cada frase","Devemos evidenciar pela marcação o início e o fim de cada frase","Devemos evidenciar pelas acentuações e pela dinâmica o início e o fim de cada frase","Nenhuma das alternativas","C",""
16,"Dentro das frases estão presentes:","As minifrases","As semifrases","As bifases","As super fases","B",""
16,"O motivo se refere ao trecho que nos faz reconhecer a melodia da música. A combinação de 2 ou 3 motivos forma uma:","Semifrase","Frase","Fraseado","Ciclo das quintas","A",""
16,"Assinale a alternativa correta:","Sempre que houver vírgulas menores haverá então uma semifrase","Sempre que houver vírgulas maiores haverá então uma semifrase","Não podemos definir as semifrases apenas pela existência de vírgulas menores","Não podemos definir as minifrases apenas pela existência de vírgulas menores","D",""
16,"As vírgulas maiores e menores indicam a necessidade de:","Pausa de 1 tempo","Pausa de 2 tempos","Prolongação do tempo de nota","Respiração","D",""
16,"Quando paramos a execução de uma música em um fim de semifrase ficamos com a impressão de:","Conclusão","Inconclusão","Complementação","Substituição","B",""
16,"Quando paramos a execução de uma música em um fim de frase ficamos com a impressão de:","Conclusão","Inconclusão","Complementação","Substituição","A",""
16,"Complete: Não se deve definir ____ pela existência de ____ maiores ou menores.","As frases; escalas","As semifrases; escalas","As semifrases; vírgulas","As minifrases; vírgulas","C",""
16,"Assinale a única alternativa falsa abaixo referente às expressões musicais.","Solene: soar com grandiosidade","Com submissão: com contentamento, e imponente","Com veneração: som suave, com reverência","Com humildade: reconhecer as próprias fraquezas","B",""
16,"Quando não está expresso no hino a expressão indicada, devemos tocá-lo:","De acordo com nossa interpretação subjetiva","De acordo com a instrução do ancião","Nenhuma das alternativas","De acordo com a poesia e melodia do hino","D",""
16,"É possível afirmar que no trecho acima temos:","2 frases","2 minifrases","2 semifrases","1 semifrase","C",""
16,"Como deve ser a interpretação deste hino?","Com contentamento","Reconhecendo as fraquezas","Com submissão","Com majestade","A",""
16,"O termo ""Com Júbilo"" é uma:","Indicação metronômica","Tonalidade musical","Enarmonia musical","Expressão musical","D",""
16,"A frase musical deste hino pode ser considerada do início até:","A vírgula menor","A vírgula maior","A penúltima nota do sistema","Nenhuma das alternativas","B",""
16,"O estudo da fraseologia requer análise de quais elementos na partitura?","Períodos téticos, acentuações métricas, motivos, semifrases, ritmos iniciais e terminações das frases.","Pontuações, acentuações métricas, motivos, semifrases, ritmos iniciais e terminações das frases.","Respirações, acentuações métricas, motivos, semifrases, ritmos iniciais e terminações das frases.","Ligações de portamento, acentuações métricas, motivos, semifrases, ritmos iniciais e terminações das frases.","C",""
16,"Ao conjunto de CARACTERÍSTICAS de uma composição musical que podem VARIAR de acordo com a interpretação, dá-se o nome de","Impressão.","Expressão.","Explanação.","Contexto.","B",""
16,"As CARACTERÍSTICAS de uma composição musical podem variar de acordo com a","Orientação.","Explanação.","Interpretação.","Contextualização.","C",""
16,"A INTERPRETAÇÃO engloba variações de andamento, intensidade e articulação?","Não","Sim","","","B",""
16,"INTERPRETAR uma música significa dizer que o intérprete (músico) consegue transmitir as emoções desejadas pelo compositor?","Não","Sim","","","B",""
16,"Para um músico tocar os hinos ele deve","Se inspirar na melodia.","Se inspirar na harmonia.","Se inspirar na poesia.","Se inspirar nas notas.","C",""
16,"A expressão ""Solene"", indica:","Ato ou efeito de venerar, com respeito e devoção. Executar com som suave. Dinâmica entre ""p"" e ""f"".","Com grande alegria ou contentamento. Executar de forma alegre, observando a velocidade indicada. Dinâmica entre ""p"" e ""f"".","Pomposo, magnífico. Executar com virtuosidade. Dinâmica entre ""mf"" e ""f"".","Suntuoso, grandioso, imponente. Executar com grandiosidade, mantendo o equilíbrio de som, sem exagero na intensidade. Dinâmica entre ""mf"" e ""f"".","C",""
16,"A expressão ""Majestoso"", indica:","Ato ou efeito de venerar, com respeito e devoção. Executar com som suave. Dinâmica entre ""p"" e ""f"".","Virtude que dá o reconhecimento das próprias fraquezas. Executar com som delicado. Dinâmica ntre ""pp"" e ""mf"".","Ato ou efeito de submeter-se. Obediência voluntária. Executar com equilíbrio de sonoridade. Dinâmica entre ""pp"" e ""mf"".","Suntuoso, grandioso, imponente. Executar com grandiosidade, mantendo o equilíbrio de som, sem exagero na intensidade. Dinâmica entre ""mf"" e ""f"".","D",""
16,"A expressão ""Com Júbilo"", indica:","Ato ou efeito de venerar, com respeito e devoção. Executar com som suave. Dinâmica entre ""p"" e ""f"".","Com grande alegria ou contentamento. Executar de forma alegre, observando a velocidade indicada. Dinâmica entre ""p"" e ""f"".","Ato ou efeito de submeter-se. Obediência voluntária. Executar com equilíbrio de sonoridade. Dinâmica entre ""pp"" e ""mf"".","Suntuoso, grandioso, imponente. Executar com grandiosidade, mantendo o equilíbrio de som, sem exagero na intensidade. Dinâmica entre ""mf"" e ""f"".","B",""
16,"A expressão ""Com Veneração"", indica:","Suntuoso, grandioso, imponente. Executar com grandiosidade, mantendo o equilíbrio de som, sem exagero na intensidade. Dinâmica entre ""mf"" e ""f"".","Com grande alegria ou contentamento. Executar de forma alegre, observando a velocidade indicada. Dinâmica entre ""p"" e ""f"".","Ato ou efeito de submeter-se. Obediência voluntária. Executar com equilíbrio de sonoridade. Dinâmica entre ""pp"" e ""mf"".","Ato ou efeito de venerar, com respeito e devoção. Executar com som suave. Dinâmica entre ""p"" e ""f"".","D",""
16,"A expressão ""Com Submissão"", indica:","Suntuoso, grandioso, imponente. Executar com grandiosidade, mantendo o equilíbrio de som, sem exagero na intensidade. Dinâmica entre ""mf"" e ""f"".","Com grande alegria ou contentamento. Executar de forma alegre, observando a velocidade indicada. Dinâmica entre ""p"" e ""f"".","É o reconhecimento da nossa pequena estatura perante Deus e perante Jesus. Tocar soando com suavidade e cuidado. Dinâmica entre ""pp"" e ""mf"".","Ato ou efeito de venerar, com respeito e devoção. Executar com som suave. Dinâmica entre ""p"" e ""f"".","C",""
16,"A expressão ""Com Humildade"", indica:","Suntuoso, grandioso, imponente. Executar com grandiosidade, mantendo o equilíbrio de som, sem exagero na intensidade. Dinâmica entre ""mf"" e ""f"".","Ato ou efeito de submeter-se. Obediência voluntária. Executar com equilíbrio de sonoridade. Dinâmica entre ""pp"" e ""mf"".","Virtude que dá o reconhecimento das próprias fraquezas, pedindo a Deus que nos perdoe. Executar com som delicado. Dinâmica entre ""pp"" e ""mf""","","C",""
16,"O fraseado diz respeito à:","forma como as semifrases estão dispostas ao longo da música.","forma como os motivos estão dispostos ao longo da música.","forma como as frases estão dispostas ao longo da música.","forma como os ritmos iniciais estão dispostos ao longo da música.","C",""
16,"Ao estudo das frases que permite compreender e executar lições de métodos e hinos dá-se o nome de:","Fraseologia","Ritmologia","Motivologia","Semifraseologia","A",""
16,"Analisando o primeiro compasso do trecho musical da imagem identifica-se que este hino começa no tempo ____ do compasso e a sílaba ""Pa"" é o ____ da palavra.","Fraco / acento métrico","Forte / acento tônico","Meio forte/ acento linear","Fraco / acento harmônico","B",""
16,"A união de notas em pequenos grupos para se formar uma ideia musical completa dá-se o nome de:","Frase","Semifrase","Motivo","","A",""
16,"O que é uma frase musical, segundo o texto?","Uma unidade musical com sentido de conclusão","Uma sequência de notas sem pausas","Um trecho musical com apenas um compasso","Uma pausa longa na partitura","A",""
16,"Quantos compassos geralmente formam uma frase nos hinos?","4 compassos","2 compassos","6 compassos","8 compassos","A",""
16,"Como as frases são geralmente divididas nos hinos?","Em duas semifrases","Em três semifrases","Em quatro semifrases","Em uma única semifrase","A",""
16,"O que demonstra a necessidade de uma segunda semifrase?","A presença de uma vírgula maior","O aumento da intensidade do som","A mudança na fórmula de compasso","A sensação de que a música não terminou após a primeira semifrase","D",""
16,"As semifrases devem ser definidas pelas vírgulas de respiração?","Não, elas indicam apenas a necessidade de respiração","Sim, elas sempre marcam o fim das semifrases","Sim, mas apenas as vírgulas maiores","Não, elas definem o andamento","A",""
16,"O que é interpretação musical, conforme o texto?","Tocar as notas exatamente como estão na partitura","Alterar a velocidade em cada compasso","Compreender e transmitir os sentimentos do compositor pelo som","Ignorar a poesia do hino","C",""
16,"O que determina a execution dos hinos, segundo o texto?","A fórmula de compasso","As sílabas tônicas das palavras","A inspiração da poesia","O número de músicos na orquestra","C",""
16,"A interpretação não leva em consideração a fórmula de compasso?","Sim, sempre indica um andamento rápido","Não, a interpretação leva em consideração a intensidade, execução e velocidade desse som","Sim, define a intensidade do som, dependendo do ritmo inicial","Não, depende apenas do instrumento","B",""
16,"Qual é a diferença principal entre os hinos 208 e 31? ""CONSULTA HINÁRIO""","A poesia inspira diferentes velocidades e intensidades","Ambos têm a mesma velocidade, mas diferente dinâmica","O hino 208 é mais rápido que o 31, e com mesma intensidade","O hino 31 é mais suave que o 208, e com mesma intensidade","A",""
16,"Qual hino é mencionado como exemplo de interpretação ""com humildade""? ""CONSULTA HINÁRIO""","Hino 169 - ""Aos pés de Deus estamos""","Hino 208 - ""Conserva a paz, ó minha alma""","Hino 142 - ""Ó Pai celestial""","Hino 31 - ""Forte Rocha""","C",""
16,"O que o intérprete deve considerar para ajustar a dinâmica?","As circunstâncias da orquestra e da congregação","Apenas a fórmula de compasso","Somente a indicação interpretativa","A velocidade fixa do hino","A",""
16,"Qual é a definição correta de Frase?","É uma parte da unidade que compõe a semifrase","É um conjunto de palavras utilizadas na música para instruir o músico a executá-la.","É um conjunto de notas que forma a unidade musical com sentido de conclusão.","","C",""
16,"Qual é a definição correta de Semifrase?","É o título secundário da peça musical, utilizado apenas quando necessário.","É uma parte da unidade musical que compõe a Frase.","É um conjunto de palavras utilizadas na música para instruir o músico a executá-la.","","B",""
16,"Em nossos hinos, uma Frase é normalmente formada por:","8 compassos.","4 compassos.","2 compassos.","","B",""
16,"Em nossos hinos, uma Frase é dividida geralmente por:","2 semifrases.","4 semifrases.","8 semifrases.","","A",""
16,"Ao tocarmos apenas um trecho de um hino e identificarmos a sensação que demonstra a necessidade de mais um trecho para ter a conclusão, isto se refere a:","Uma Frase.","Uma Semifrase.","Duas Semifrases.","","B",""
16,"Podemos definir as Semifrases pela existência de vírgulas menores de respiração que surgem ao longo do hino?","Sim.","Não.","Sim, se o hino for composto de apenas vírgulas menores.","","B",""
16,"Qual alternativa esta correta?","A Interpretação musical é a habilidade de compreender as exigências e padrões musicais do compositor, transmitindo-os por meio do concerto musical.","""A Interpretação musical é a capacidade de compreender as velocidades e andamentos do compositor, transmitindo-os por meio do metrônomo","""A Interpretação musical é a arte de compreender as intenções e sentimentos do compositor, transmitindo-os por meio do som do instrumento.","","C",""
16,"De acordo com a contracapa dos nossos hinários de música, avalie os seguintes parágrafos e escolha a alternativa mais adequada:","Os Hinos de Louvores e Súplicas a Deus devem ser sempre entoados de forma sacra e com reverência a Deus, observando-se estritamente a poesia e o texto musical, sem modificações, ornamentos e floreados.","A orquestra tem como objetivo auxiliar a irmandade a cantar os hinos.","A interpretação dos hinos, no que diz respeito à intensidade do som e à forma de execução, independentemente da fórmula de compasso, deve ser adequada à inspiração da poesia.","Recomenda-se tocar sempre considerando a poesia de cada hino, e Observar e respeitar todas as instruções acima.","D",""
16,"Como devem ser interpretados os hinos que têm fórmulas de compasso idênticas?","Podem ser interpretados todos da mesma forma, sem levar em conta a inspiração da poesia.","A interpretação não leva em consideração a fórmula de compasso devendo ser adequada à poesia.","Dependendo das células rítmicas de cada hino, deve-se trabalhar a execução desconsiderando a poesia.","","B",""
16,"O que são Indicações interpretativas nos hinos?","São as palavras colocadas no canto superior direito de cada hino.","São expressões colocadas nos hinos, as quais alertam o músico para uma forma de interpretação mais específica.","São sinais musicais que aparecem ao longo do hino indicando alterações na forma de execução.","","B",""
16,"Quantas e quais são as indicações interpretativas utilizadas nos nossos hinos?","São 5: Perene, Majestoso, Com resplendor, Com consagração, Com sujeição.","São 6: Solene, Majestoso, Com júbilo, Com veneração, Com submissão, Com humildade.","São 7: Perene, Majestoso, Com brilho, Com consagração, Com subordinação, Com simplicidade, Com sujeição.","","B",""

